:100000000040002099D60000E7D60000B5BA0000F5
:10001000EBD60000EDD60000EFD60000E5D60000DC
:10002000E5D60000E5D60000E5D60000F1D60000D8
:10003000F3D60000E5D60000F5D6000045D6000056
:100040004505000091CF000091C80000FFD60000D8
:1000500001D7000003D7000005D7000007D7000034
:1000600031D100000BD70000ADC80000C9C80000A6
:1000700011D7000013D7000015D7000017D70000D4
:1000800019D700001BD7000079B600001FD7000069
:1000900021D7000023D7000025D7000027D7000074
:1000A00029D700002BD700002DD700002FD7000044
:1000B00031D7000033D7000000000000000000002E
:1000C0000000000000000000000000000000000030
:1000D0000000000000000000000000000000000020
:1000E0000000000000000000000000000000000010
:1000F0000000000000000000000000000000000000
:10010000104B41F67132D96BDA635A680E4B02F02C
:10011000070203440D48012A94BF002201228342B2
:1001200004D8002A0CBF0122032200E05200054B34
:10013000586820F0070002435A6009B10022DA63D0
:10014000704700BF00000C40FFDB0BFFFF23F400F3
:1001500008B50DF0EFFABDE80840FFF7D1BF000089
:10016000034B5A6DD20702D41A6D1042FCD170476E
:1001700000800C40C0F30323013B70B50D46092BF2
:1001800023D8DFE803F014080522220B0E222211E7
:1001900000230E4C0DE000230D4C0AE001230D4C12
:1001A00007E010230C4C04E000230C4C01E00C4C45
:1001B0000023C0F3043613B11846FFF7D1FF04F152
:1001C000047406EBC406B600356070BD40800C4078
:1001D00044800C4058800C4060800C4078800C407B
:1001E00008800C4000F00F00013805282DD8DFE80A
:1001F00000F00519222C2C0307207047154BDB6AF1
:1002000003F47053B3F5805F0AD0B3F5005F05D0F7
:10021000B3F5006F0CBF0420052070470220704723
:10022000032070470B4B9B6A03F00303013B022B37
:100230000DD8094A07E0074B9B6A03F00C03043B07
:10024000082B04D8054AD05C704700207047012075
:10025000704700BF00800C4018E800001BE8000059
:1002600010B50446FFF7BEFF114B9C4207D0114B5F
:100270009C4208D1104B986AC0F3810003E00E4BFA
:10028000986A00F00300022807D0032809D001284B
:100290000BD1BDE810400DF0BBBABDE810400DF029
:1002A000BBBA0DF0A5FA400810BD002010BD00BF7C
:1002B0000200180003001A0000800C4000F47810BF
:1002C000B0F5801F08B535D013D8B0F5802F2AD0EF
:1002D00008D8002855D0B0F5003F56D1BDE80840F9
:1002E0000DF086BAB0F5402F41D0B0F5602F46D062
:1002F0004BE0B0F5B01F31D00DD8B0F5901F21D034
:10030000B0F5A01F41D12248FFF7AAFF214B1B6F78
:1003100003F0030329E0B0F5C01F09D0B0F5D01FEA
:1003200033D11B4816E00DF009FA1A4B9B6806E022
:1003300019480FE01848FFF793FF164B9B6E03F028
:100340000F0312E01448FFF78BFF124B9B6EC3F3B1
:1003500003130AE0BDE80840FFF782BF0C48FFF72F
:100360007FFF0C4B1B6FC3F30113D84008BD0B4834
:10037000FFF738FF072802D0082802D005E0084818
:1003800008BDBDE808400DF0D9B9002008BD00BF88
:1003900003001A0000800C400200180006000C0048
:1003A000809FD50030B5042829D8DFE800F00F0B76
:1003B00015030700012302201C4610E02020102313
:1003C00005240CE080204023072408E04FF400704F
:1003D0004FF48073092402E0082004230324084D0D
:1003E00041B12B623AB1074B23449B001A68002AA3
:1003F000FCD000E02862BDE8304000F095B930BD87
:1004000000800C406001E41010B500F00F04012CD6
:1004100003D04CD3032C22D910BD0239032946D86E
:10042000DFE801F0020B05080020042407E00220A9
:10043000044604E00320012401E0012003240121FB
:100440000A46FFF7AFFFFFF783FE194B5C6200F02F
:100450006BF90DF0CDF9BDE81040FFF751BE013941
:10046000052924D8DFE801F016030A23231101210E
:1004700000200A46FFF796FF02230CE00120014608
:100480000246FFF78FFF012305E00A4B01221A60A5
:10049000032300E00023064A022C916A0BBF21F0DF
:1004A000030121F00C010B4341EA8303936210BD69
:1004B00000800C40080890432DE9F041DFF880806F
:1004C0000401D8F808C0069D079F089EA4441AB9E5
:1004D000D8F80C80444400E06446DCF80CC0BCF161
:1004E000000F01D08CF8082057B1D4F808C0CCF325
:1004F000816CBCF1030F1CBF06FA0CFC674427603B
:100500003DB1A768BF0F032F1CBF06FA07F7ED190F
:100510006560012505FA00F0094D0BB1A86100E006
:10052000E8610AB1686300E02863A36823F47F539D
:1005300023F037030B4343EA0616A660BDE8F081BB
:1005400000200C40194B1A4A41F20C012DE9F041F0
:1005500012685F58D3F83880174007EA080502266A
:100560000024EDB1EB0718D50121A1400F4B114A32
:100570009B68116003EB0413DB6873B1197AD3F83D
:1005800000C081F001021A72BCF1000F05D00031E9
:10059000204618BF01215A68E0476D080134E0E7A2
:1005A000013E27EA0805DBD1BDE8F08100200C40C0
:1005B00000300C4008300C40F0B585B00A9C0F4666
:1005C00001940B9C164600930294334601213A464F
:1005D0000546FFF771FF012303FA05F5014B9D6204
:1005E00005B0F0BD00200C40104B10B59C688A6827
:1005F00004EB0014E2600C78012282400CB19A6393
:1006000000E0DA634A6800F5886443F82420084B68
:100610004A78034432B1012202FA00F0034C41F25D
:10062000080160509B001A6010BD00BF00200C4004
:100630006080E11010B50C4B09B19B6800E0DB68ED
:100640001179D478890441EA8431147803EB0010DD
:100650009378A407527844EA037444EA826242EA37
:1006600003630B43836010BD00200C400122044B48
:1006700002FA00F009B198627047D862704700BF73
:1006800000200C40034B9B6A23FA00F000F00100AD
:10069000704700BF00200C400F4B0120C3F88000C2
:1006A0000E4BFF2200215960DA615A62DA625A6306
:1006B000DA63D86441F20C020948995041F2080209
:1006C00098500A4602F5886101320020082A43F852
:1006D0002100F7D1704700BF00E100E000200C408E
:1006E000FF00008010B5012104460C48FFF742FDD1
:1006F000FFF7D2FF0A4B0122C3F880211A60094B91
:1007000041F20C024FF00041995062689A602278E1
:10071000520142F001025A6010BD00BF00130200F6
:1007200000E100E000200C40024BDA6A024B1A6044
:10073000704700BF00800C40000F002070B50446D9
:100740001E461546FAB1036823F44073036003683C
:1007500023F4407343EA0623036019B90A48FFF7FC
:10076000ADFD01462368094BA1EB85019A5D236825
:1007700055439B07B1FBF5F202F1FF3202D5002A87
:1007800008BF0122226170BD4081040024E80000FE
:1007900000224263094A38B502634A7800F10475C1
:1007A0006B0182F001020C465A604968237BA26803
:1007B000FFF7C4FF23786D012B6038BDCFFF010028
:1007C000002303600361436183614363014B03635F
:1007D000704700BFCFFF0100964BF0B5984240F044
:1007E0002481954B98681E7859881A79914FBC6A74
:1007F0003D4614F4C06F0CD0A5058F4859801A717E
:1008000001D5FD2203E0640540F1FF80FE22427025
:10081000FBE0082E00F2F580DFE816F00900210069
:10082000460055006E008000A700BC00E50059801E
:1008300041881A710288C80605D5120A02F006021C
:1008400042F0F00205E002F0FE028F0748BF42F0DE
:1008500001027849012018704A624860D7E02606F4
:1008600000F18580640601D401204AE040253D6303
:100870004588704CEE0606D51A7102221A7002786D
:1008800059806262C3E0AF0740F182801A7100EBC9
:10089000C20212895980012A4FF00701197040F0F5
:1008A000B68008226260B2E0260660D4640601D4F5
:1008B000022026E040243C63448814F0020F14BF59
:1008C0000326052692E7598041881A710288C806D6
:1008D00043BF120A02F0060242F0F00202F0FE02EA
:1008E0004F074FF004011970524948BF42F001020E
:1008F000012048604A628AE0260638D4640604D49F
:100900000420187059801A7181E040243C634488A7
:1009100067073DD51A715980072277E000EBC204C2
:1009200025898D4218D84188013201F00404A4B20F
:10093000D2B214B10021032658E711F0010106D00C
:100940005C801A7108221A7002213A4A40E0012A9A
:100950007FF64CAF5980F4E71A716268481C515C0D
:10096000344A58805162062250E026060AD51A7190
:10097000802259802A63FF225A7008221A700222AC
:100980006A6044E0640601D40620BAE740243C6370
:1009900005262BE707265980A106274D1E701A71E0
:1009A00035D500EBC20211896C8822488C42C0699F
:1009B00003D25268661C6E80105558881D4A8842C2
:1009C00008D3012904BF08215160082119700221B0
:1009D00051601CE004240129546018D00139884278
:1009E00015D10821F4E708201A71E2051870598022
:1009F0000DD5104A4FF4807111630F4A092111700F
:100A000005E01A71FB2259805A7009221A70197870
:100A1000094A09290BD107480021416392F90100D5
:100A2000012808BF5170587802E0FC2000E0012046
:100A300040B2F0BD00A00040040F0020154B9842CA
:100A400024D18368DB0744BF202343604B889A0787
:100A500001D50A89D2B1580701D50B8AB3B10E4B23
:100A6000002201201A711A7058705A809960094B3F
:100A7000C0225A609A6A0748920648BFDA69074A54
:100A80001A634FF4FC625A63FFF7A6BE6FF00300CF
:100A9000704700BF00A00040040F0020CFFF0100FE
:100AA000044B41F67132DA639A6822F001029A60CF
:100AB0000CF09EBE00000C400B4B59691A6901F006
:100AC0000F01C2F3811242EA810282701A6902F0B8
:100AD0003F0242709A69DB6902F0F002C3F303132C
:100AE00013430370704700BFD0FF0FE072B6044B92
:100AF0001A68511C1CBF01321A601868704700BF89
:100B000018280020034B186818B10138186000B984
:100B100062B67047182800201FB5002101A801F017
:100B2000B1FE18B101A806F01BF800E0022005B0E4
:100B30005DF804FB08B5094B00221A7001F07AFD3C
:100B400028B90A20064940F2F7420CF069FB054B30
:100B50001879BDE8084001F067BB00BF840F002092
:100B6000F8F0000014020020074B10B51B780BB9F9
:100B700001F08EFD054C20460CF044FD2079BDE8C7
:100B8000104001F06BBB00BF852E00201402002036
:100B900008B501F0C5FD082803D1BDE8084001F003
:100BA00099BE08BD1FB5134B0E2201A801211A7072
:100BB00001F068FE28B90A200F4940F221520CF0DA
:100BC0002FFB0E4BBDF804201A80BDF806205A807A
:100BD000BDF80820A2F6B8329A80BDF80A20DA8063
:100BE000BDF80C201A81BDF80E205A8105B05DF8C1
:100BF00004FB00BF840F0020F8F00000FC0100207F
:100C0000FFF7B2BF01F09EBD01F064BD044A0123AD
:100C10001370044A1278022A04BF034A1370704703
:100C2000B42E002070010020CC2E0020024A0023A8
:100C30001370024A13707047B42E0020CC2E00208F
:100C400008B501F06DFDB0F120035842584108BDD0
:100C500008B5FFF7F5FF08B901F070FABDE80840E4
:100C600001F0CABF08B501F05BFD10F4DF6F0CBFE7
:100C70000020012008BD000030B585B00446FFF714
:100C8000F1FF08B901F05AFA01F04AFD2028474D5A
:100C900006D12B78A34200F0878001F0ADFF11E070
:100CA00001F03EFD402810D12B78A342404B04D0E8
:100CB000404A12780AB91A7822B100221A7001F05B
:100CC000C7FF71E03C4B01221A702A783B4B2C7015
:100CD0001A703B4B1A78384B002A60D14C2C0AD141
:100CE000384D0322A5F86420374A2A60374A6A60E3
:100CF000374AAA600CE04D2C54D01A784B2101FBE6
:100D00000241344A52F82150334A002D08BF15469B
:100D1000A4F14C02D2B2012A42D9304A125D1A70B3
:100D20002F4B9D4237D101A8012101F0ABFD28B91D
:100D30000A202C4940F2C9620CF072FA2A4BBDF825
:100D4000042042F623411A80BDF80620A2F5FA726B
:100D500092B28A4298BF42F624425A80BDF80820D7
:100D6000BDF80A10A2F6B83292B2B2F5E15F38BF10
:100D70004FF4E15201F6AC5189B29A8045F6EC622B
:100D8000914288BFDA80BDF80C2098BFD9801A81C3
:100D9000BDF80E205A81284601F0F2FD04E0134D03
:100DA0000122BCE7074DB3E705B030BDB40F00200A
:100DB000AC2E0020D32E0020840F0020180F00201E
:100DC0006C2E002008010020F0ED000008EE00006D
:100DD00020EE0000ECFF000000290100CC21010002
:100DE000C4F20000F8F00000FC010020802801009F
:100DF000032930B500F1FF301A4C09DC00EB40004C
:100E0000014402EB4102184D033A55F8222005E057
:100E100004290CBF154A164A52F820202260216886
:100E200021B91448BDE8304001F094B9002BB1F865
:100E30006400114A01DD834202DDA2F8640001E092
:100E4000A2F86430B2F864400023A34205DA51F8F6
:100E5000230042F823000133F7E74D20BDE830407E
:100E6000FFF70ABF5C0F0020C0130100E833010048
:100E70003CF2000038F100000801002013B52220E8
:100E800001A90BF0C9FD28B93D212220ADF80410BD
:100E90000BF08EFF0024E0B206F0DCFAA0F10B03A9
:100EA0009BB22C2B10D902A900230A2821F8023D5D
:100EB0000FD83A200BF0B0FDBDF806103A200131F2
:100EC00089B2ADF806100EE0BDF8043083420ED2B0
:100ED000E9E73B200BF0A0FDBDF806103B200131F7
:100EE00089B2ADF806100BF063FF002003E0013477
:100EF000062CD0D1012002B010BD0000014B1878A3
:100F0000704700BF7001002038B50B4B0B4C01221D
:100F10001A700B4B002520461D600CF073FB40F24D
:100F2000A373204623600CF031FB29460548BDE839
:100F3000384001F0A7BC00BF600F0020F80000207F
:100F4000880F0020660F002008B504480CF05AFBFB
:100F5000034A00231370034A137008BDF8000020F1
:100F6000100F0020600F00207FB5FFF77BFE08B94F
:100F700001F0E4F86846002101F084FC28B90A2059
:100F8000224940F60B020CF04BF92148BDF8003025
:100F900003A90380BDF802304380BDF8043083808C
:100FA00045F2E133C38045F68C23038146F60803FE
:100FB000438105F07FFDBDF8122042F6F7239A42E7
:100FC00002D842F6F82303E045F688639A4203D933
:100FD000ADF81230012300E00023BDF8142043F6E1
:100FE0005F318A4202D843F6603304E0B2F5E14F44
:100FF00004D94FF4E143ADF8143000E01BB103A86D
:10100000034905F080FD07B05DF804FBF8F000002F
:10101000900100201FB5FFF725FE08B901F08EF8FA
:1010200001AC2046002101F02DFC28B90A20074917
:1010300040F66E020CF0F4F80023E15A044A99528B
:1010400002330C2BF9D104B010BD00BFF8F0000042
:10105000D801002010B512480CF0D4FA02F0F0F9D3
:10106000044602F0F3F940B94CB1012C09D00D4B04
:101070000D48022C08BF184604E00C4802E00C485A
:1010800000E00C480023C15A0B4A995202330C2B42
:10109000F9D1BDE810400248F62303600CF076BA9F
:1010A000EC000020A0EA0000B8EA0000ACF200006A
:1010B00070EA000088EA0000900F002070B5044636
:1010C0000D461646FFF7CEFD08B901F037F8204669
:1010D000314601F06BFBFFF7BDFF0CB90B2201E0BD
:1010E00015B10122014B1A7070BD00BF840F0020A2
:1010F00038B5104C054620460CF084FA4FF4F573D1
:10110000204623600CF042FA0B4B00221A700B4968
:101110000B4A0C4B2DB164200880C8211180962207
:1011200006E0FA2008804FF4967111804FF4AF72F8
:101130001A8038BDF0010020B50F0020580F0020A4
:10114000140F0020B20F002008B5084B00220848F9
:101150001A700CF057FA074B64221A80064BC8220B
:101160001A80064B96221A8008BD00BF110F00207E
:10117000F0010020580F0020140F0020B20F0020B3
:1011800008B5FFF76FFD08B900F0D8FF084B002243
:1011900008481A700CF036FAFFF7D6FF01F0C0FAD3
:1011A00010F4906F03D0BDE8084001F093BB08BD78
:1011B000120F0020EC0000202DE9F04F1C2887B012
:1011C00023D011D8072800F0F783132800F0CE8130
:1011D000062840F01584FFF79FFC9F4B18700720EE
:1011E00001F022F800F019BC4F2800F0DB835028F2
:1011F00000F0DE834E2840F00384984B012298488B
:101200001A700CF0FFF900F008BC964800F0A2FF3D
:10121000232001F009F8944B1A781C46002A00F0AC
:101220008E81924E3378E3B1914800F093FF0CF039
:10123000A7F90CF049FC86A3D3E900230CF0D4FDF8
:101240000CF042FF00B200F06DFF8A4800F082FF10
:10125000002001210BF0A4F8874800F07BFF002359
:1012600033702278012A40F09780844C2368002B49
:1012700046D1834B1A781D4632B1824B1B681BB98D
:101280000CF07EF9804B18602B78002B59D07F4BE7
:101290007F4A1878194610B91378002B51D012786C
:1012A0007B4B32B90A7001221A704FF0FF33236072
:1012B0006DE000251D704FF0FF332360754B7648BD
:1012C0001D60704B1D6000F045FF0CF059F90CF0EB
:1012D000FBFB5FA3D3E900230CF086FD0CF0F4FECA
:1012E00000B200F01FFF634800F034FF28460121E0
:1012F0000BF056F8604800F02DFF0123337046E0F4
:10130000664909782239C9B2032901D822603EE032
:10131000012B0CD15F4B1A6801321A60584B1B78B5
:10132000002B34D0574B1A6801321A602FE0022B81
:1013300007D0584B1A685A4B1B689A420BDA0023A5
:101340002360FFF7D3FB574B5A6842F480225A6060
:10135000FFF7D8FB1BE04A4B1B78002B00F05283B1
:10136000514B1B784BB10CF00BF9474B4F4A1B68A4
:101370001268C01A904207DC44E3424B1A684C4B97
:101380001B689A42C0F23E83404B01221A702368C8
:1013900001332360032BCCE0022A40F0D080374C8D
:1013A0002368002B40D1364B1B78002B00F0BD800A
:1013B000344B1A681F461AB90CF0E2F8324B186029
:1013C000324A334B157845BB1A78002A00F0AD80BD
:1013D0001D704FF0FF3323602E4B2F481D603D6082
:1013E00000F0B8FE0CF0CCF80CF06EFB18A3D3E9BB
:1013F00000230CF0F9FC0CF067FE00B200F092FE46
:101400001C4800F0A7FE284601210AF0C9FF1A482F
:1014100000F0A0FE0123337087E00021117001224B
:101420001A704FF0FF335DE0012B06D1FFF75EFB32
:101430001C4B5A6842F4802274E01849097822391A
:10144000C9B2032936D822606FE000BFAFF3008035
:101450000000000080848E4070010020110F0020E9
:10146000F001002044F10000752E0020040100204E
:1014700056F10000FF4101009B4B01008C0F002042
:10148000902E00208C2E00208C010020190F0020AF
:10149000B60F0020C42E002069F10000180F0020B4
:1014A000882E0020D42E0020762E0020702E0020C2
:1014B000BC2E0020022B0CD19B4B1A6801321A6003
:1014C0009A4B1B78002B30D0994B1A6801321A6066
:1014D0002BE0032B29D0944B1A68964B1B689A4239
:1014E00002DA0023236020E0904B1B78A3B1924BDB
:1014F0001B7853B10CF044F8904B914A1B6812686A
:10150000C01A904200F3858206E0894B1A688D4B21
:101510001B689A4280F27D82FFF7E8FA8A4B5A688C
:1015200042F400425A60FFF7EDFA2368013323606A
:10153000042B04DD854A002313607B4A1360844B2F
:10154000844C1A781D464AB1FFF7D0FA7E4A536898
:1015500043F400435360FFF7D5FA04E0237813B156
:10156000042009F01DFC2B78237056E2FFF7D4FA13
:10157000794C05462378834212D0784800F0EAFD82
:10158000284600F0CFFD764800F0E4FD207800F01A
:10159000C9FD744800F0DEFD3520257000F044FEE2
:1015A000714E3378002B00F093807048002101F0D9
:1015B00069F9002800F08C806D4C6E4F002338785C
:1015C00021681D4698461A46A146684C33F804C067
:1015D000694C33F804E023F804C0CEEB0C0E8EEA1D
:1015E000EE7AAAEBEE7ABAF1320FC8BF42F00102EE
:1015F000D2B2624C40B1DFF8B0A133F80AA0CAEB16
:101600000C0C24F803C000E0E05215F0FF0F0AD1E3
:1016100081EAE17CACEBE17CBCF1320FC4BFC90FC5
:1016200081EADE7871460233062B05F10105CCD143
:10163000534BC9F800101B78002B18BF002248B389
:10164000B4F900304D49002BB8BF5B42B3F5FA6FD7
:101650000FDA4B8818B20028B8BF4042B0F5FA6FD5
:1016600007DA898808B20028B8BF4042B0F5FA6F9F
:1016700001DB01210CE003F2CF7398B240F69E73B8
:10168000984207D801F2CF7189B2994202D800215D
:101690003C4B19705AB1362000F0C6FDB8F1000F6E
:1016A00002D04D2000F0C0FD374B1B7883B13B7852
:1016B00073B12188334A002301F2CF71137089B2CC
:1016C00040F69E72914298BF2A4A337098BF1370B9
:1016D0002E4A13782BB92E4B1B78002B00F0588123
:1016E0003DE12C492C4F2D4E2D4D2E4CDFF8BC905A
:1016F0000023DFF8BC803B8033802B802380A9F857
:1017000000300B800123137098F800300320013360
:1017100088F8003005F06AFE00284FF0030049DA2F
:1017200005F064FE404247E0C42E0020902E0020C9
:101730008C2E0020882E0020762E00208C01002088
:10174000702E0020BC2E0020D42E00208C0F0020F4
:101750006C2E0020B72E0020700100207AF10000CE
:101760008FF100009B4B0100600F00203C0F002018
:10177000880F00201A0F0020660F00209C0F002009
:10178000CF2E0020CC2E0020100F0020110F0020A3
:10179000120F0020620F00201C0F0020720F00208B
:1017A000640F0020160F0020900F00201E0F002055
:1017B000B50F002005F01AFEDC28D4BF0020012060
:1017C0000190002005F012FE954B1880012005F0D5
:1017D0000DFE944B1880022005F008FE924B1880F5
:1017E000032005F003FE914B188098F80030082B79
:1017F00040F295808E4A013B13708E4BB7F8008003
:10180000B3F800908C4BB5F800C0B3F800E0308816
:10181000002321881A465FFA82FADFF804B2BAF18F
:10182000030F3BF803B0DFF8FCA10FD83AF803A090
:10183000D944D044DFF8F0A11FFA88F833F80AA0A1
:101840001FFA89F9D4441FFA8CFC0CE03AF803A083
:10185000DE445044DFF8D0A180B233F80AA01FFA6A
:101860008EFE514489B20132082A03F10203D2D11B
:10187000704B714AA3F80090704B3080187821802B
:10188000A7F80080A5F800C0A2F800E019460028DB
:1018900047D16B4B1B78002B43D1DFF8E481DFF895
:1018A000E4C1DFF8E4E188F800308CF800308EF80D
:1018B0000030644BB2F900000FFA89F11A880B1A54
:1018C0009342434602DC411A914201DD01221A7023
:1018D0005D4AB7F90010B6F9000012880E1A964258
:1018E00002DC411A914204DD584901228CF80020A3
:1018F0000A70574AB5F90010B4F9000012880C1AA2
:10190000944202DC411A914204DD504901228EF8D2
:1019100000200A701B7813B1492000F085FC0023D9
:1019200008E0019B002BFAD0484B01221A700023DB
:101930000B70F4E73A4A1A449189D181394A1A4422
:101940009189D181384A1A449189D181374A1A4400
:101950009189023B13F10E0FD181EBD1BBE63D48DB
:10196000002100F08FFF394B01221A7000243A4BFE
:10197000E25A384BE35AD31A1BB2002BB8BF5B4272
:10198000962B02DD492000F04FFC0234062CEED1EC
:10199000324C20460BF036FE6323204623600BF0CA
:1019A000F5FD3AE02E480BF02DFE01222D4B01E013
:1019B0002D4B01221A7030E02C480BF023FE03A8B7
:1019C000012100F05FFF28B90A20294940F6D22200
:1019D0000BF026FCBDF80C20264BA2F6B8321A807C
:1019E000BDF80E205A80BDF810209A80BDF8122054
:1019F000DA80BDF814201A81BDF816205A810CE057
:101A000001BE0AE0FFF772F81B4B5A6842F400422D
:101A10009DE41A4B01221A7087E507B0BDE8F08FEC
:101A2000200F0020480F0020A20F0020740F00207C
:101A3000B50F00201E0F0020620F0020772E00201F
:101A4000CF2E0020580F0020140F00201A0F002066
:101A5000B20F0020300F0020900F00201402002051
:101A6000EC000020120F0020100F0020E0000020EA
:101A7000F8F00000FC010020D42E0020190F0020F7
:101A8000B52E0020D22E0020CD2E0020AFF30080F6
:101A90000138C0B20D2803D8024B53F8200070471C
:101AA0000148704704FA000070EA000008B50548D4
:101AB00005F056F8044B012816BF002218701A7062
:101AC00008BD00BF74010020AD2E0020014B33F88B
:101AD00010007047601E010008B5FFF7E7FF074AD6
:101AE000074B118819805188598091889980D18835
:101AF000D9801189528919815A8108BD7401002049
:101B0000A80100202DE9F041454D86B06E462C46D7
:101B10000FCC0FC694E80300424B4FF0000883F847
:101B20000080414B86E8030083F800803F4B694604
:101B3000082083F800800AF06FFF0DF102010646CD
:101B400009200AF069FF3040C6B201A90A200AF054
:101B500063FF0DF10601064035200AF05DFF02A982
:101B6000064036200AF058FF0DF10A0106403720E2
:101B70000AF052FF002E39D0002837D02F466E468B
:101B80000FCE0FC796E8030084E80300FFF7A4FF19
:101B9000284604F0E5FF0128254A264B0CD1107099
:101BA00095E8070083E807001A88A2F57A721A8080
:101BB0009A88A2F6B8320CE082F8008095E8070017
:101BC00083E807001A88A2F57A621A809A8802F5DB
:101BD000FA6292B2B2F5E15F05D345F610118A427E
:101BE00028BF0A4601E04FF4E1529A80124A0023CE
:101BF0001370124A01201360114A1060114A1370C9
:101C0000114A1360114A1370114B04221A60114BD0
:101C10004EF2E2421A60104B187006B0BDE8F08137
:101C200074010020B52E0020D22E0020CD2E0020E1
:101C3000AD2E0020C0010020752E0020C42E0020F3
:101C4000882E0020902E00208C2E0020762E002042
:101C5000BC2E0020702E002004010020F7B5FFF7F5
:101C600001F808B900F06AFAFEF7EAFF08B100F0DF
:101C700065FA0324E0B205F0CBF9064608B100206E
:101C80007CE00134062CF5D1FFF76EF9FEF744FF36
:101C90003B4F01283870F2D83A4D3B4C2B882380BB
:101CA0006B886380AB88A380EB88E3802B892381DA
:101CB0006B896381FFF710FFFFF7F8FE3978334A2D
:101CC0000129334B0CD1117094E8070083E8070019
:101CD0001A88A2F57A721A809A88A2F6B8320BE0B6
:101CE000167094E8070083E807001A88A2F57A6264
:101CF0001A809A8802F5FA6292B2B2F5E15F05D3D2
:101D000045F610118A4228BF0A4601E04FF4E1521D
:101D1000694608209A800AF07FFE0DF10201092031
:101D20000AF07AFE01A90A200AF076FEBDF800103A
:101D30000B200BF03DF8BDF802100C200BF038F82A
:101D4000BDF804100D200BF033F8298808200BF0A3
:101D50002FF8698809200BF02BF8A9880A200BF0CE
:101D600027F8E98835200BF023F8298936200BF075
:101D70001FF8372069890BF01BF8012003B0F0BD74
:101D8000700100209001002074010020AD2E002081
:101D9000C001002010B50022815A0C4BD1520232F2
:101DA0000C2AF9D140F6B8329A8101244FF4FA6234
:101DB0001C7518461A61194604F0A5FE044B4D2007
:101DC000A3F86440BDE81040FEF756BF2002002093
:101DD00008010020024B182202FB0030704700BFB0
:101DE00020020020014BA3F8640070470801002086
:101DF000004870470801002072B6044B1A68511C55
:101E00001CBF01321A601868704700BF18280020F4
:101E1000034B186818B10138186000B962B67047F2
:101E20001828002010B509F0F7F8044609F0A8FBBF
:101E3000094A107008B1022000E003200AF0D8F827
:101E40000648C42202600BF0A1FB002017210BF012
:101E5000D7F9204610BD00BFBC0F0020140300209E
:101E60002DE9F84F002009F02DF90446012009F072
:101E700029F9704D06462B78A8465BB109F080FB26
:101E8000074638B902200AF019F903200AF0B0F821
:101E90002F700EE098F800305BB909F071FB40B18B
:101EA00003200AF00BF902200AF0A2F8614B01228C
:101EB0001A70614BDFF8A481B3F900209946B24251
:101EC0005E4D5F4F03D1B8F90030A34265D0002CBE
:101ED0005FDD002E5DDD41F69913734342F26661CA
:101EE0007143584A1B0C1380574B090C198009B2D7
:101EF00000208C42287092469B4606DC09F040FB8D
:101F000018B9252000F090F943E0BBF90030A34256
:101F10003FDA4DF6991171434C4B090C198009B207
:101F20008C4217DB05232B703B7893B3444B4FF067
:101F3000000A83F800A009F0BDF8504608F01EFF23
:101F4000FFF75AFF424B5A6842F002025A60FFF70D
:101F50005FFF1EE0BAF900306420E21A4243CB1A58
:101F6000B2FBF3F252B2092A344B01DC00220FE03B
:101F7000122A01DC01220BE0262A01DC022207E002
:101F80003A2A01DC032203E04E2AD4BF04220522B0
:101F90001A70A9F80060A8F8004095F900302D4C9F
:101FA00033B994F90030002B02DD032009F0FAFF69
:101FB0002B7823703B789BB109F0E2FA044678B99C
:101FC0001F4B187009F076F8204608F0D7FEFFF78F
:101FD00013FF1F4B5A6842F002025A60FFF718FFC6
:101FE0003B78BBB909F0CCFAA0B195F90030042BCD
:101FF00010DC09F03BF868B1114B0120187008F0B3
:10200000BDFEFFF7F9FE124B5A6842F004025A6017
:10201000FFF7FEFE95F9000008F09CFE0E4840F226
:10202000A27303600BF0B2FABDE8F84F002017214D
:102030000BF0E6B8BC0F0020BE0F0020C00F002040
:10204000C10F0020C40F0020B80F0020C20F0020D5
:10205000D42E00201003002014030020BA0F00200B
:1020600009F08EBA014B1878704700BFC10F0020ED
:1020700008B509F085FA30B9034B93F90000002840
:10208000D4BF0020012008BDC00F0020014B4140FB
:10209000585C70474837010010B50A44914209D096
:1020A00011F8014B044B4440E4B253F8243083EA66
:1020B0001020F3E710BD00BF4838010030B5002202
:1020C00085B001AD0023535501320A2AF9D1144AD3
:1020D000D1184C68A04209D39A5C001B04AC22447E
:1020E00012F80C4C4978214402F80C1C0833B3F563
:1020F0009C7FECD100242346285D00B923B1303009
:10210000C0B209F081FA01230134092CF4D19DF801
:102110000D003030C0B205B0BDE8304009F074BAEF
:10212000483C010010B5041E03DA2D2009F06CFABA
:102130006042BDE81040FFF7C1BF000008B50A20AB
:102140000349F7220BF06CF8BDE8084009F0ECBA3F
:10215000803D010038B5054608B9FFF7EFFF0024C0
:102160002B5D5BB1402C09D00A2B02D10D2009F068
:102170004BFA285D09F048FA0134F1E738BD38B56B
:1021800048F69F43994205460C4601D9FFF7D6FF12
:10219000032D0BD8C4EB043448F69F43B4FBF3F48F
:1021A000B4F5805F03D3FFF7C9FF00E001BEA0B222
:1021B00038BD032810B50C460CD8B1F5805F48F641
:1021C0009F43A8BFC1F30B045C4340F6FF7394FB2D
:1021D000F3F400E001BE48F69F439C4201D9FFF7AB
:1021E000ADFFA0B210BD000072B6044B1A68511CBE
:1021F0001CBF01321A601868704700BF1828002001
:10220000034B186818B10138186000B962B67047FE
:1022100018280020034B00221A6001205A609A609F
:10222000704700BFD42E0020512810B5044601D9B4
:10223000FFF784FFFFF7D8FF6209012004F01F04B5
:1022400000FA04F4044B53F822100C4343F82240E4
:10225000BDE81040FFF7D4BFD42E0020512810B5A0
:10226000044601D9FFF76AFFFFF7BEFF62090120AC
:1022700004F01F0400FA04F4054B53F8221021EA7D
:10228000040443F82240BDE81040FFF7B9BF00BF87
:10229000D42E0020512810B5044601D9FFF74EFF77
:1022A000064B620953F8223004F01F04012202FA9F
:1022B00004F41C420CBF0020012010BDD42E0020CD
:1022C00038B5FFF791FF164A13682BB953682BB93D
:1022D0009368022473B102E0002400E001245D420F
:1022E0001D4052F8243023EA050342F82430FFF75A
:1022F00087FF25B930BFBDE83840FFF781BF6401D3
:102300001F34B5FA85F5E4B2651BEDB2512D01D944
:10231000FFF714FF034B284653F82530984738BD84
:10232000D42E0020D43D010010B50024034BE35807
:10233000984710B10434582CF8D110BD1C3F01004F
:10234000052870B506460D4601D9FFF7F7FE0A4B82
:102350002846282404FB06340BF040F801462046AA
:102360000BF029F8281D0BF039F80146201DBDE8B7
:1023700070400BF020B800BFC80F0020052838B50A
:1023800004460D4601D9FFF7D9FE034B282202FB74
:102390000434258438BD00BFC80F0020052838B597
:1023A000044601D9FFF7CAFE28235C43054D04F11A
:1023B0001800284400210AF0E9FF0BF0E1F82C4452
:1023C000606238BDC80F002070B5134C0025201F77
:1023D0004FF400410AF0EFFF204647F6FF710AF084
:1023E000EAFF201D4FF000410AF0D0FFEEB204F1E9
:1023F0000C006FF000410AF0C9FF30460021FFF7E2
:10240000BDFF01353046FFF7C9FF062D04F1280452
:10241000DDD1012070BD00BFCC0F002005282DE9C3
:10242000F74F05460F469346994601D9FFF786FEBA
:1024300007F16043B3F5804F01D3FFF77FFE0BF147
:102440006043B3F5804F01D3FFF778FE09F1604395
:10245000B3F5804F01D3FFF771FE0BF091F8384BC5
:10246000282404FB053404F11808824640460AF08B
:1024700093FF626A0646C2EB0A02282AA8BF2822F6
:10248000142A054639DD384601920AF0A7FF0546B1
:1024900058460AF0A3FF238C019A2DB25A4300B28A
:1024A0002D1A002E05FB02F305DD6FF00042921B92
:1024B0009A4207DB04E003D0C6F10042934204DBFA
:1024C0001E4404E06FF0004601E04FF0004604F1C6
:1024D00008000AF061FF054604F110000AF05CFFF5
:1024E000AE4203DBB042B4BF054635461DB16D00B8
:1024F000022395FBF3F5C4F824A038460AF06EFFDA
:102500004FF4004795FBF7F7074420460AF066FFB3
:1025100086B2201D0AF062FF33B29F4204DB86B20E
:1025200033B29F42D8BFBEB2484631460AF043FF9D
:102530004046294603B0BDE8F04F0AF027BF00BF70
:10254000C80F002008B5094B1A88B2F5807F05D066
:1025500002221A8004F09EFC0AF0B2FC0020FFF771
:1025600063FEBDE808400620FFF778BEA01C0020EF
:10257000284B70B501241C80274B284A1C7000236F
:102580001370274A05211160264A86B01370264A27
:10259000264E137042F64473ADF8003042F62443E1
:1025A000ADF802304FF4E153ADF8043042F6942315
:1025B000ADF8063043F6FC23ADF80830684640F627
:1025C000B8333146ADF80A3004F09DFA47F2A03333
:1025D000ADF80C3046F22073ADF80E3045F610130E
:1025E000134DADF8103045F6EC63ADF8123047F2FC
:1025F000E403ADF8143003A847F230532946ADF890
:10260000163004F080FAF388EA882046F280EB80E6
:1026100006B070BDA01C0020CC2E0020B62E0020DD
:10262000C82E0020D02E0020A42E0020782E0020BE
:10263000982E002038B50120FFF72CFE10B1FFF7CF
:102640007DFD04E00520FFF725FE0028F7D10E4DA3
:102650002B88012B09D0022B08BF002002D0042BAD
:102660000ED00620FFF7E0FD0AE00AF007FC044662
:1026700038B104232B80054B1879FFF7D5FD00E016
:102680000124204638BD00BFA01C002028030020E4
:1026900010B50120FFF7FEFD10B1FFF74FFD04E07C
:1026A0000520FFF7F7FD0028F7D1084B084C012261
:1026B0001A8004F0EFFB0AF003FC20460AF0A2FFA8
:1026C0002079BDE81040FFF7C9BD00BFA01C002065
:1026D00028030020014B40221A807047A01C0020D4
:1026E00010B50120FFF7D6FD10B1FFF727FD04E07C
:1026F0000520FFF7CFFD0028F7D1074B1A881C46AD
:10270000012A05D10A20054940F2E2220AF088FD9B
:102710004FF48073238010BDA01C0020743F010083
:10272000014B1888704700BFA01C0020044B40F2EA
:1027300007121B881A4214BF00200120704700BFF7
:10274000A01C002038B50120FFF7A4FD10B1FFF751
:10275000F5FC04E00520FFF79DFD0028F7D1FFF709
:10276000E5FF28B90A200F4940F231220AF058FD4E
:102770000025ECB2032C204602D004F0EBFB0AE06B
:10278000002104F047FD2046002104F075FD20469D
:10279000002104F0AFFD0135062DEAD1024B0822DD
:1027A0001A8038BD743F0100A01C002070B504469B
:1027B00001200D46FFF76EFD10B1FFF7BFFC04E0EE
:1027C0000520FFF767FD0028F7D1FFF7AFFF28B915
:1027D0000A2025494FF427720AF022FD234B244A90
:1027E0001D70244B00211170197015461E46042CD3
:1027F00038D8DFE804F00328371C28001E4B80225D
:1028000000201A8004F0A6FB012004F0A3FB0220A4
:1028100004F0A0FB032004F08BFB042004F088FBF1
:10282000052004F085FB154B01221A7070BD124B78
:10283000802200201A8004F07BFB104B00221A70CB
:102840000123337070BD0C4B80221A800C4B1B7817
:1028500013B1002004F07EFB084A0123042C1370FE
:1028600008BF2B7070BD00BF743F0100991C002091
:10287000101D0020981C0020A01C00203403002004
:10288000B52E0020F8B5064601200F46FFF702FDE1
:1028900010B1FFF753FC04E00520FFF7FBFC002814
:1028A000F7D100240125E0B204F0E2FE4FF6FF73F9
:1028B00026F81400013498420CBF002505F00105EC
:1028C000062CF0D11FB13046314604F01CF92846E1
:1028D000F8BD0000F8B50120FFF7DCFC10B1FFF7F0
:1028E0002DFC04E00520FFF7D5FC0028F7D1FFF709
:1028F0001DFF28B90A201E494FF498720AF090FC77
:102900001C4B1D4E00241C70338803F4D1635BB351
:10291000E5B2284604F0ACFE4FF6FF739842074636
:1029200005D10A2012494FF4A1720AF079FC284619
:1029300004F0FEFA022D05D93388B3F5806F05D077
:10294000802B03D02846394604F0F6FD0134062CCE
:10295000DED10A480121FFF795FF28B90A20044972
:102960004FF4A5720AF05CFC10233380F8BD00BF61
:10297000743F0100101D0020A01C00208A1C0020B4
:1029800038B5014668222C480BF06AFE0120FFF79B
:1029900081FC10B1FFF7D2FB04E00520FFF77AFCC1
:1029A0000028F7D1FFF7C2FE28B90A20234940F2D8
:1029B0005D120AF035FC204800F066FE204B1860DE
:1029C000204B1A881D4602F422725AB91E48012172
:1029D000FFF758FF70B90A2018494FF4B6720AF091
:1029E0001FFC07E00024E0B2013404F0A1FA062C39
:1029F000F9D1EBE709F01CFB0F49144A124800F02B
:102A000061FE124800F057FE114B00221860114B76
:102A100006241A800AF0B4FD0F4B186000205821DC
:102A200004F0AAFA013CF9D120232B801C20BDE838
:102A30003840FFF713BC00BFA81C0020743F010002
:102A4000A41C0020A01C00208A1C0020C010002014
:102A5000181D0020961C0020141D0020F0B5012038
:102A600085B0FFF717FC10B1FFF768FB04E0052005
:102A7000FFF710FC0028F7D1574B1B8803F06003C9
:102A80002BB90A20554940F293120AF0C9FB01A85C
:102A90000021FFF7F7FE28B90A2050494FF4D472FD
:102AA0000AF0BEFB002004F0A7FA0028BDF80430AD
:102AB00005DA03F57A73ADF804300F2705E0A3F5C6
:102AC0007A73ADF804304FF6F177BDF80820BDF801
:102AD0000630A2F57A72A3F5695392B23D3BADF888
:102AE00008209A1805D448F69F439A4202DC93B214
:102AF00000E00023ADF80A30394B41F26E721B88BA
:102B0000A3F56753113B9BB2934204D94FF6FA7574
:102B10004FF6FB7607E0334B1A8843F697239A4229
:102B2000F4D800252E462021002004F025FA10219B
:102B3000022004F021FA1021032004F01DFABDF850
:102B40000410002004F0F8FCBDF80810022004F086
:102B5000F3FCBDF80A10032004F0EEFC0AF010FDAF
:102B6000214B1860214B1B782BB9214B1B7813B9D3
:102B7000204B1C78B4B10020014604F01DFA01205E
:102B8000002104F019FA0220002104F015FA0320B4
:102B9000002104F011FA0420002104F00DFA0520B0
:102BA000002115E0204639B204F006FA0120214642
:102BB00004F002FA022031B204F0FEF9032029B237
:102BC00004F0FAF90420214604F0F6F90520214624
:102BD00004F0F2F905B0F0BDA01C0020743F010024
:102BE000881C00201C1D00209C1C0020D12E0020D1
:102BF000912E0020AC2E00201FB50120FFF74AFBCC
:102C000010B1FFF79BFA04E00520FFF743FB002813
:102C1000F7D10D4B1A881C4612F0200F05D10A205F
:102C20000A4940F252220AF0FBFA01A80121FFF7FB
:102C300029FE28B90A20054940F257220AF0F0FA85
:102C40004023238004B010BDA01C0020743F01006D
:102C5000F8B50120FFF71EFB10B1FFF76FFA04E093
:102C60000520FFF717FB0028F7D1354E33885B06A8
:102C700005D40A20334940F265220AF0D1FA324CD9
:102C80003248256800F000FD8542274605D00A201D
:102C90002C4940F266220AF0C3FA2D4D2B4C2A88AB
:102CA000B4F864309A4205D30A20264940F26722DC
:102CB0000AF0B6FA274B1B781BB92988B4F86420B0
:102CC00007E0FFF795F86822014620480BF0C8FCA2
:102CD00010E01FFA83FE0EEB0100904203F10103A6
:102CE00004DA54F8200044F82E00F2E7C9B2521A70
:102CF000A4F86420154800F0C7FC0121386016488C
:102D0000FFF7C0FD1149154A134800F0DBFC1348DA
:102D100000F0D1FC124B002418602C800AF030FC2B
:102D2000104B1860E0B25821013404F025F9062C4C
:102D3000F8D1202333800C4B00221A70F8BD00BF5D
:102D4000A01C0020743F0100A41C0020A81C00202F
:102D5000961C0020D32E00208A1C0020C0100020CA
:102D6000181D0020141D0020AC2E00207FB501206E
:102D7000FFF790FA10B1FFF7E1F904E00520FFF743
:102D800089FA0028F7D11A4E3388B3F5807F05D031
:102D90000A20184940F2E9220AF042FA0024E0B27F
:102DA00004F0D8FA00F0020000F0FF05D0B90134B9
:102DB000062CF4D1E8B204F0CDFA00F0040000F0E3
:102DC000FF0488B90135062DF4D1082301A801219B
:102DD0003380FFF757FDE0B2013404F0BBF8062C56
:102DE000F9D103E0022300E00423338004B070BD76
:102DF000A01C0020743F01002DE9FF47A44B1A8856
:102E00001D46012A00F01583032819D004D8012893
:102E100040D0022841D00BE311284BD03A2828D0CB
:102E2000052840F00583042A40F00383082201A806
:102E300001211A80FFF726FD0620FFF7F5F9F8E2D9
:102E40000120FFF727FA10B1FFF778F904E0052019
:102E5000FFF720FA0028F7D12B889E0640F1E9827F
:102E60008B4B402229201A80FFF7DEF9FFF7F6FD91
:102E7000DFE20120FFF70EFA10B1FFF75FF904E07F
:102E80000520FFF707FA0028F7D104F01FF8002803
:102E900040F0CF82FFF756FBCBE20120FFF7FAF9B3
:102EA00010B1FFF74BF9F5E70520FFF7F3F900281C
:102EB000F7D1EFE70120FFF7EDF910B1FFF73EF989
:102EC00004E00520FFF7E6F90028F7D12B88012B55
:102ED00000F0AF820AF054FB6E4B6F4F1B783860E6
:102EE000002B56D06D4C6E4E2368002B04DA0AF08E
:102EF00047FB206030604CE03368DFF8E481C3EBCF
:102F00000009D8F800000AF0DFFD5DA3D3E9002333
:102F10000AF040FE5CA3D3E900230AF089FC0BF021
:102F2000D3F8814535DD5F48FFF714F9D8F8003054
:102F30002068002B3B68C0EB030008DD0AF0C4FDED
:102F40004FA3D3E900230AF04FFF0BF0E5F8FFF79A
:102F5000B5F800245448FFF7FDF8E0B204F07AFA1F
:102F60000134FFF7ABF8062CF4D15048FFF7F2F824
:102F700000244D48FFF7EEF8E0B204F037FA0134D0
:102F8000FFF7D0F8062CF4D14948FFF7E3F83B6887
:102F900033602B88202B4AD10AF0F2FA454B1E6889
:102FA000454B861B45481C6800F085FB844205D0D4
:102FB0000A20434940F2E2320AF032F9414C424BD6
:102FC000228831461A806288404B3C481A80A28889
:102FD0003F4B1A8023463F4A00F07AFC3E490646A2
:102FE000204603F067FD3D4B5EB11C784CB93A4B6F
:102FF000E0B233F81410013404F09EFA062CF6D136
:103000000CE200241C7009F013F8E6B201213046EE
:1030100003F0B2FF01343046002103F0CDFF062C4F
:10302000F3D110231C202B80FFF7FEF8F6E1102BC4
:1030300058D101AD28460021FFF724FC0024264B7F
:1030400035F8142033F81430032CC3EB02031BB201
:1030500004D1502B204604DC503306E02D2BE0B287
:1030600002DD4FF0FF3103E02D33B4BF0121002119
:10307000013403F0A1FF062CE1D1CFE1AFF30080D2
:103080000000000080848E40E90B21E7FDFFEF3F48
:10309000A01C0020B62E00203C0300203803002096
:1030A00024030020BB3F0100FF410100C73F010096
:1030B0009B4B0100141D0020181D0020C010002093
:1030C000743F01008A1C0020BC100020881C0020D6
:1030D0001C1D0020961C00207C1C0020AC2E002013
:1030E000C82E0020802B40F0B08001A80021FFF7FF
:1030F000C9FB28B90A20B34940F269420AF090F8A6
:10310000B14B1B7853B145F2E133ADF80A3045F6C7
:103110008C23ADF80C3046F6080309E045F2A41301
:10312000ADF80A3045F20823ADF80C3046F24633CC
:10313000A64C01A82146ADF80E3003F0BBFCE38895
:1031400042F69322934205D945F6EC62934228BF9A
:10315000134601E042F69423E380238943F6FB22E1
:10316000934205D947F2E4018B4238BF194601E08A
:1031700043F6FC21638940F6B7329342218105D999
:1031800047F23052934228BF134601E040F6B8336D
:1031900063818F4B1B78002B3FD08E4B1B78002B0D
:1031A0003BD08D48026802F10C034B2B036003DC1B
:1031B0006FF00702534322E0A2F140054A2D1AD9CD
:1031C000A2F18B05952D02D8A2F1D5030AE06FF488
:1031D000907555194A2D10D9A2F5B6754A2D03D808
:1031E000C2F5DB73DB000AE0B3F5E17F4FF00003CB
:1031F00005DD036003E0794B01E04FF4167343F6FD
:10320000AB72914205D946F63442914228BF11462D
:1032100001E043F6AC7119442181714B1D78002DFA
:1032200040F0FC80EEB2304604F094F8C30608D5B6
:103230000021304603F0A0FE304634F8151004F0AB
:103240007BF90135062DEDD1E8E0B3F5806F00F094
:10325000E580B3F5007F27D101A80021FFF712FB1D
:1032600028B90A20574940F2EB4209F0D9FF012062
:1032700003F05EFEBDF8062043F2C8239A42594B84
:1032800001D9002204E042F6DF618A4201D801221E
:103290001A701B78012013B143F2903101E042F61D
:1032A000186104F049F9B9E0402B40F0B7800020E4
:1032B00003F0A2FE0646002004F0DAF907460220D9
:1032C00003F09AFE0546022004F0D2F91FFA80FAB4
:1032D000032003F091FE0446032004F0C9F91FFA0D
:1032E00080F90AF04DF9DFF81081A7F53E57D8F8BC
:1032F0000010293F401A0AF0E7FB00223A4B0AF07F
:1033000073FDAAF5E45244F29233BFB2053A92B289
:103310009F4288BF002643F626439A4288BF002575
:10332000A9F52B53393B9BB243F28E32934288BFAF
:10333000002400222D4B0AF0BDFE68B366B133B203
:10334000002B04DD083E36B226EAE67603E00836B6
:1033500036B206EAE676B6B265B12BB2002B04DDD2
:10336000033D2DB225EAE57503E003352DB205EAEC
:10337000E575ADB264B123B2002B04DD033C24B289
:1033800024EAE47403E0033424B204EAE474A4B24B
:103390000AF0F6F8C8F80000154B1B7813B9154B66
:1033A0001F785FB30020014603F006FE01200021D4
:1033B00003F002FE0220002103F0FEFD03200021A5
:1033C0002AE000BF743F0100340300207C1C002071
:1033D000B42E0020CC2E0020B8100020A8FDFFFF46
:1033E000981C00202003002000808E400000F03F49
:1033F000D12E0020912E00209C1C0020384631B296
:1034000003F0DAFD0120394603F0D6FD022029B28F
:1034100003F0D2FD032021B203F0CEFD064C20467E
:103420000AF0F0F81823204623600AF0AFF800E015
:1034300001BE04B0BDE8F08728030020AFF3008090
:10344000014B1878704700BF991C0020014B187879
:10345000704700BF101D00202DE9F04385B00DF12D
:103460000408054614460E460C22002140460BF087
:103470006DF928686968231D03C3A868186004F102
:10348000100396E8070083E807000023F05AE95A82
:1034900004EB43020233411A0C2BD164F6D1002312
:1034A0001D4604F14C02D2580433002AB8BF5242E0
:1034B0009542B8BF1546182BF3D1B789A9463846AF
:1034C0000AF002FB32A3D3E900230AF0F3FD42F62F
:1034D0003B73002818BF1F46336913B963801D462C
:1034E0002AE04FF4747202FB07F0B0FBF3F081B2F4
:1034F0007943B1FBF2F1A94202DC60800D461BE08A
:1035000002FB05F1B1FBF3F302FB03F100221020F3
:1035100013464FEA917C5B000CEB820293424FEA28
:10352000810103D26FEA030C62440233013810F0C8
:10353000FF00EED15B086380C5EB09054FF4747999
:1035400009FB05F5638895FBF7F701339BB207EBA1
:1035500043070137BFB263802780002304EB430198
:10356000C96C4FF474704143E218023391FBF7F1D8
:103570000C2BA2F84010F1D198E8070004F11C03CD
:1035800083E80700337D84F8643005B0BDE8F0833C
:103590009A999999999DC7402DE9F74F8146174609
:1035A000019311B101F11C0801E0DFF8D880002679
:1035B00009EB0603B3F91C409A8807FB04F000925C
:1035C0000AF082FA00222E4B0AF00EFC824638F9ED
:1035D00006008B46A04222D0001B78430AF074FA02
:1035E0000022274B0AF000FC044638460D460AF03C
:1035F0006BFA02460B46204629460AF0CBFA0446EF
:10360000D9F800000D4640000AF05EFA02460B466B
:10361000204629460AF0E8FB02460B4601E000225C
:103620000023504659460AF003F9002200230446BD
:103630000D460AF035FD38B1204629460EA3D3E9E0
:1036400000230AF0F5F806E0204629460AA3D3E94C
:1036500000230AF0EBF80AF037FD009BC01801D5F3
:1036600001BE0020019A905302360C2EA0D103B067
:10367000BDE8F08FAFF300805C8FC2F5285CDF3FC0
:1036800000808E40D23F010038B5044621464FF0FD
:10369000FF306822FEF700FD0023B4F864205D1CB3
:1036A000DBB2934206D254F823101822FEF7F4FC42
:1036B0002B46F2E738BD014640F6BC324FF0FF30F2
:1036C000FEF7EABC2DE9F047B4B004468946174638
:1036D0000021682268460BF039F8002168221AA8F8
:1036E0000BF034F82046D9F800106A46FFF7B4FE14
:1036F0004FF00008B9F864301FFA88F49C4280F05B
:10370000DD80621C9A423ADA59F8221004A81AAAFB
:10371000FFF7A2FE9DF864E0ADF10202002300A9CC
:103720001944B1F840001AA91944B1F8401005B283
:103730000EB205FB06FCBCF1000F02F1020202DD35
:10374000BEF1000F01D0002108E0002EB8BF764284
:10375000002DB8BF6D42AE42A8BF014602330C2B0C
:103760009186DCD121AB0DAA07CA83E80700BDF81A
:103770000250BDF800006B46401B00220DE0002304
:10378000ADF83430ADF83630ADF83830ADF83A3009
:10379000ADF83C30ADF83E30E9E700A91144C96C02
:1037A0004FF47476B3F934E04E43B3F91C1004328D
:1037B000714469434FF0020E91FBFEF1711A91FBC7
:1037C000F0F1182A19857344E7D104EB4404282644
:1037D0006643BC19231D01AA07CA83E8070004F148
:1037E0001C0307AABD5107CA83E80700002500ABE8
:1037F0002B44B3F928109A88B3F91C300B44BDF858
:1038000002104B434FF4F46193FBF1F39E1801D582
:10381000FEF794FC631902350C2D9E85E7D1BDF8A7
:103820000020BDF802300AADA2EB4303A36204F10D
:10383000440395E8070083E8070004F1100304F14E
:103840002C0207CA83E80700002600AB3344B3F913
:1038500028101A8AB3F934300B44BDF802104B43D8
:103860004FF4F46193FBF1F31BB2B2EB030A01D501
:10387000FEF764FCA31902360C2EA3F854A0E4D181
:1038800095E80700BDF8023008F10108236504F14E
:103890006C0383E8070004F1380304F1540207CAFB
:1038A00083E80700603404AB93E8070084E807006E
:1038B00068461AA968220AF0D3FE1BE703EB43030C
:1038C000A7F8B83B34B0BDE8F08700000000000066
:1038D0002DE9F04F1E46B0F8B83B89B080460D4642
:1038E00091460BB9FEF72AFC954F00219548C7F881
:1038F0000080FEF7C7FFB8F8B81B386843460024BD
:103900003A461FFA84FB8B4580F04682184653F8EE
:1039100028EB2746754504F1010402D9CEEB0505D5
:10392000EFE78C424FF003031060B8BF2821BBFBC8
:10393000F3F2B8BF01FB0481A9F80020824C834A4E
:10394000A8BF002117602268BA420ED01BF1000206
:1039500097FBF3F318BF012203EB43030392FA1A18
:10396000534253412760029302E0002302930393E2
:103970002A46774BFFF710FE754ABBF1000F01D1C5
:1039800000230FE000247349105B615A704B88429A
:1039900003D37149615A884200D9E15202340A2C9A
:1039A000F1D1EDE7D15AF15202330C2BFAD16B4A27
:1039B000137811466A4A13B300236248185AD0524A
:1039C00002330C2BF9D10026664C0E706048664914
:1039D00003F070F8284626700AF066F80022634B60
:1039E0000AF002FA624B039AC3E90001614D6AB121
:1039F0000123237000220023C5E9002306E05E486E
:103A0000185AD05202330C2BF9D1DCE7D5E9002348
:103A100009F00CFF594B0025C3E900012C46A846CC
:103A20004F4B574E185B0AF03FF80B46554902467C
:103A300001EB050A4C49CAE90023085B0192009397
:103A40000AF032F82E44019A009BC6E9000109F001
:103A5000EDFE4D4B00222B44C3E900014B4B0AF015
:103A6000C3F94B4B2B44C3E90001444BD3E900237A
:103A70000AF0BAF9474B00222B44C3E90001464B38
:103A80000AF088F80022454B0AF0AEF9444B2B446B
:103A9000C3E9000126A3D3E900230AF0A5F9414BAD
:103AA0002B44C3E900012F4B1B78002B40F093807F
:103AB0003D4B3E4E1A68002A03DD2E44C6E9000144
:103AC00009E04FF0060E0EFB028E06EBCE06C6E9AD
:103AD000000101321A60D3F80090354EB9F1000FA1
:103AE00012DD324B00222B44D3E90001002309F000
:103AF0009FFE00220023CDE90601CDE904010AF072
:103B0000CFFA002856D003E000220023CDE9042399
:103B1000484609F0D9FF02460B46DDE904010AF0E8
:103B200063F905A3D3E9002309F082FE50E000BF4A
:103B30001D5A643BDF4FCD3F5C8FC2F5285CDF3FF1
:103B4000D41D0020D81D0020440300204003002085
:103B5000C81D0020782E0020982E00206003002031
:103B6000641E0020501D0020E41D002000808E40B7
:103B7000581E0020181F0020001F0020501E00208B
:103B8000201E0020A01E0020201D00200000594003
:103B9000581D0020701E002000004E40008076401E
:103BA000D01E0020F01D0020601E0020981D002067
:103BB0000C1F0020484609F087FF02460B46DDE94E
:103BC00006010AF011F986A3D3E9002309F02EFEBD
:103BD0000AF07AFA3053844EDFF85492305B09F0E1
:103BE00073FFDAE9002309F021FE0AF06DFA00B252
:103BF0000AF06CFB7D4B5FFA88FA53F828100AF044
:103C0000B9FB00F100400AF005FD29F80400504618
:103C100003F0A8FB0128764E03D0325F0AB90122D7
:103C2000A253315B50460B0448BF494289B203F0AE
:103C3000A3F9325B39F804105046114409B203F07D
:103C4000BBF96C4B08F10108E25A6B4BB8F1060F57
:103C5000E25205F1080504F102047FF4E1AE674B7E
:103C60006749D3E90023C1E90023664B1B78012B88
:103C700017D0654A127832B1029921B1042B02D1D2
:103C8000BBF1090F06E0039909B1022B09D0029993
:103C900009B1032B05D0002A00F09D80052B40F0D0
:103CA0009A805A48FEF756FA09F06AFC584A594B6E
:103CB000117811B10021186011701B680024C01A1E
:103CC000FEF730FA5448FEF745FA3846FEF72AFA6E
:103CD0005148FEF73FFA06F051FF0130FEF722FA95
:103CE0004D48FEF737FA06F03FFF0323B0FBF3F32E
:103CF00003EB4303C01A0130FEF714FA4748FEF7FE
:103D000029FA4548FEF726FA305F0234FEF70AFA30
:103D10000C2CF6D14248FEF71DFA00243E48FEF76F
:103D200019FAE0B203F07CFB0134FEF7FBF9062C34
:103D3000F4D13C48FEF70EFA00243748FEF70AFAA1
:103D4000294A394B105BE35A0234C01AFEF7EAF9EC
:103D50000C2CF2D13548FEF7FDF900242E48FEF771
:103D6000F9F9334B185F0234FEF7DCF90C2CF5D16E
:103D70003048FEF7EFF900242748FEF7EBF92C490D
:103D8000335F085F02341844FEF7CCF90C2CF3D1F2
:103D90002948FEF7DFF91EE00323BBFBF3F31060B5
:103DA000A9F80030002102683346FFF7F5FB002434
:103DB000E0B20021013403F0FFF8062CF8D11F4BCC
:103DC000002018601E4B01220D491A7000220023AA
:103DD000C1E9002300E0012009B0BDE8F08F00BF79
:103DE0005C8FC2F5285CDF3FD81D0020480300200F
:103DF0000C1F0020E41D0020001F0020581E002082
:103E0000181F0020A42E0020D12E0020DE3F01002C
:103E1000742E0020B02E0020FF410100F73F01006A
:103E2000004001000A400100641E00201340010010
:103E3000881D00201B4001009B4B0100601E0020DC
:103E400060030020AFF30080044B054A1A605A60FB
:103E50009A60DA601A615A61704700BF4803002017
:103E6000F4FD543D044B054A1A605A609A60DA60CA
:103E70001A615A61704700BF480300206F12033D6A
:103E8000044B054A1A605A609A60DA601A615A61F6
:103E9000704700BF48030020295C0F3D72B6044BF9
:103EA0001A68511C1CBF01321A601868704700BFA5
:103EB00018280020034B186818B10138186000B9A1
:103EC00062B6704718280020072904D003485629F5
:103ED00018BF002070470248704700BF0548000027
:103EE000955400004139C9B2132903D8024B53F845
:103EF000210070470020704760520100542904D00F
:103F00000348562918BF002070470248704700BF79
:103F1000E53E0000554A00004C39C9B20A2903D8D1
:103F2000024B53F821007047002070477453010082
:103F300070B5214B21491A781D462D2A14BF002344
:103F400001230C781A460020A34232DAE95C3039AA
:103F500009292ED8DFE801F005080C1014181C20E0
:103F600024280A21484322E00A21484301301EE068
:103F70000A21484302301AE00A214843033016E080
:103F80000A214843043012E00A21484305300EE07C
:103F90000A21484306300AE00A214843073006E078
:103FA0000A214843083002E00A214843093001331E
:103FB000CAE702B1404270BD69200020291F0020DD
:103FC00070B50C4A0023117815468B4205DA0A4871
:103FD0001A5C2C2A02D00133F7E770BD1A46DCB216
:103FE000141B01328A42E4B202DA865C0655F6E717
:103FF0002C7070BD291F00206920002008B50B48D7
:10400000FEF7A8F80A48FEF7A5F80A48FEF7A2F856
:104010000948FEF79FF80948FEF79CF80848FEF7A4
:1040200099F8BDE808400748FEF794B844400100FD
:1040300055400100E65101007F4001009D40010014
:10404000BD400100DE40010008B50C48FEF782F8D3
:104050000B48FEF77FF80B48FEF77CF80A48FEF79E
:1040600079F80A48FEF776F80948FEF773F8094828
:10407000FEF770F8084B00221A7008BD9B4B010038
:10408000EA400100064101002541010063410100B1
:104090007E41010086410100AE03002008B50B48B7
:1040A000FEF758F80A48FEF755F80A48FEF752F8A6
:1040B0000948FEF74FF80948FEF74CF80848FEF7A4
:1040C00049F8084B00221A7008BD00BF9B4B010045
:1040D0008E4101009F410100AB4101007E41010082
:1040E000BF410100AE030020542908B504D00548A3
:1040F000562918BF002008BD0348FEF72BF80148D9
:1041000008BD00BF05500000CC41010037B5044692
:1041100008B1544800E05448FEF71CF801A92320D8
:1041200008F07AFC5148FEF715F8BDF90400FDF7D8
:10413000F9FF0CB14E4800E04E48FEF70BF801A91C
:10414000242008F069FC4C48FEF704F8BDF8040090
:10415000FDF7E8FF0CB1464800E04648FDF7FAFFDE
:1041600001A9252008F058FC4448FDF7F3FFBDF8ED
:104170000400FDF7D7FF0CB13D4800E03D48FDF7D6
:10418000E9FF01A9262008F047FC3D48FDF7E2FFC2
:10419000BDF80400FDF7C6FF0CB1354800E0354816
:1041A000FDF7D8FF3748FDF7D5FF272501A9284699
:1041B00008F032FC0135BDF80400FDF7B3FFEDB2A5
:1041C0003148FDF7C7FF2D2DF0D10CB1284800E094
:1041D0002848FDF7BFFF2D48FDF7BCFF0E2501A9BC
:1041E000284608F019FC0135BDF80400FDF79AFFD8
:1041F000EDB22548FDF7AEFF142DF0D10CB11C48EF
:1042000000E01C48FDF7A6FF01A9382008F004FCD7
:104210000DF10601392008F0FFFB1D48FDF79AFF5C
:1042200001A93A2008F0F8FBBDF80400FDF77AFF79
:104230001548FDF78FFF3B2001A908F0EDFBBDF805
:104240000400FDF76FFF24B10948FDF783FF08481C
:1042500000E00848FDF77EFF0648FDF77BFF03B04E
:1042600030BD00BFF3410100014201000E420100D8
:10427000FF4101009B4B01001B4201002C42010049
:10428000394201004A4201008346010055420100C3
:1042900075420100F8B5284C532927780FD002D871
:1042A0003B2912D009E0542902D0562941D004E01C
:1042B000224A01231370224A13700020F8BD204BBC
:1042C000002018701D4B1870F8BDFFF731FE47F63F
:1042D000FF761C4BB042A8BF30469842ACBF0646A2
:1042E0001E46B5B2B81C2946C0B208F061FD207860
:1042F00029462E30C0B208F05BFD2946207809F02F
:104300009BF81148FDF726FF2078FDF7D7FE0F48F0
:10431000FDF720FF3046FDF705FF0D48FDF71AFFBA
:1043200008F09AFB02F096FD0948FDF713FF0948D3
:10433000F8BD0948F8BD00BF441F0020AE030020AF
:104340007C0300200180FFFF8F42010097420100A3
:104350009B4B0100AD440000B5490000542908B54D
:1043600005D0562917D04C2915D0002008BD0520AE
:1043700006F0A8FE08B909480BE0FDF773FE08B97E
:10438000074806E0042006F09DFE0028D4BF05483B
:104390000548FDF7DFFE054808BD00BFA442010047
:1043A000C8420100DB420100F54201000550000057
:1043B00037B5054608B1164800E01648FDF7CAFEB5
:1043C0000024E0B22946013408F04AF8062CF8D15E
:1043D0001148FDF7BFFE2D200DF1060108F01CFB72
:1043E000BDF80600FDF76AFE0DB10C4808E00C4868
:1043F000FDF7B0FE09F076F808B10A4800E00A4877
:10440000FDF7A8FE0648FDF7A5FE03B030BD00BFCE
:10441000104301001D43010029430100FF41010039
:104420009B4B01003F4301005043010010B504467F
:1044300060B10E48FDF78EFE0020214607F0B0FF68
:104440000120214607F0ACFF54B901E00848F1E72C
:1044500009F052F808B1074800E00748FDF77AFE76
:10446000BDE810400548FDF775BE00BF644301007C
:104470006F4301003F430100504301009B4B01008B
:10448000542908B506D0562909D006483C2918BF3A
:10449000002008BD0020FFF7C9FF002008BD02482A
:1044A00008BD00BF35520000FD3E0000542908B58C
:1044B00004D056294ED03B2918D119E02648FDF7E3
:1044C00049FE2648FDF746FE2548FDF743FE2548F0
:1044D000FDF740FE2448FDF73DFE2448FDF73AFE77
:1044E0002348FDF737FE2348FDF734FE002008BDC2
:1044F000214B1B78342B1BD009D8322B0ED012D86D
:10450000312BF3D11D48FDF725FE00221EE0362B8E
:1045100018D012D3782BE9D1194808BD1948FDF7F6
:1045200019FE012212E01848FDF714FE02220DE0E8
:104530001648FDF70FFE032208E01548FDF70AFEB6
:10454000042203E01348FDF705FE0522124B134831
:104550001A7008BD124808BD84430100964301004B
:10456000A5430100B6430100C4430100D24301004A
:10457000E6430100F94301006920002006440100E0
:1045800041470000174401002A4401003A44010059
:104590004A44010060440100441F0020954200008D
:1045A000B5490000542938B504D0562917D03C2904
:1045B00011D104E00B4C002525700B4806E0094C96
:1045C0002378102B09D8094A52F82300FDF7C2FDC1
:1045D000237801332370002038BD054838BD0548D5
:1045E00038BD00BF341F002075440100185301007E
:1045F00071680000094A0000542808B504D0562804
:1046000014D04C2806D111E0094B53F82100FDF7D6
:10461000A1FD09E0074B5B5C834205D1064B53F8D3
:104620002100FDF797FD01E0002008BD034808BD0B
:1046300038520100F0520100B05201000550000054
:1046400008460721FFF7D8BF08460621FFF7D4BF69
:1046500008460521FFF7D0BF08460421FFF7CCBF6D
:1046600008460321FFF7C8BF08460221FFF7C4BF71
:1046700008460121FFF7C0BF08460021FFF7BCBF75
:10468000542908B504D056290ED0072905D106E0D3
:104690000648FDF75FFDFCF74DFA002008BD044811
:1046A000FDF758FD034808BD034808BD9F440100BD
:1046B000AE440100E164000051480000542910B5E7
:1046C00004D0562921D03B2911D103E0134B1C788B
:1046D00054B917E0124B1B78782B0AD1114B0122E9
:1046E00011481A70FDF736FD3E20FDF79DFD0020B4
:1046F00010BD622B0BD0642B0BD06D2B0BD00B4855
:10470000FDF728FDFFF7CAFCF1E7094810BD09488D
:1047100010BD094810BD094810BD00BF852E0020FE
:1047200069200020AE0300209B4B0100B54401002E
:10473000E53E0000B94A0000FD3E0000514800007F
:10474000542910B504D056293DD03B293DD118E05D
:104750001F48FDF7FFFC1F48FDF7FCFC1E48FDF756
:10476000F9FC1E48FDF7F6FC1D48FDF7F3FC1D4B58
:104770001C781CBBE0B2013402F0ECFB062CF9D132
:1047800023E0194B1B78342B04D8312B07D2202B74
:1047900005D01AE06D2B0CD0782B0FD015E0134A02
:1047A000134813700F4B00221A70FDF7D3FC114809
:1047B00010BD0F48FDF7CEFC0F4810BD0C48FDF7AB
:1047C000C9FC0E4810BD0E4810BD002010BD00BF32
:1047D000C6440100D7440100E7440100F943010049
:1047E000FB440100852E002069200020A803002042
:1047F0009B4B010095650000AD440000E1640000A2
:10480000B5490000412910B513D007D8B1B90C48FB
:10481000FDF7A0FC3E20FDF707FD0FE0532905D072
:1048200054290BD1FCF786F9064810BDFCF79CF91A
:1048300004E0054B00221A70044810BD002010BD92
:1048400000450100C93E0000852E002039580000B7
:10485000532910B50CD005D891B90A48FDF77AFC58
:10486000094810BD542909D0562909D1074810BD5F
:10487000074B1C7824B9FCF777F901E0054810BD17
:10488000002010BD3E450100BD460000E53E000091
:10489000852E002081460000542938B504D01648E2
:1048A000562918BF002038BD0024E5B2A81C0021FD
:1048B000C0B208F07DFA05F12E000021C0B208F068
:1048C00077FA0021204608F0B7FD2046FDF7F6FBF9
:1048D0000A48FDF73FFC0020FDF724FC013408489E
:1048E000FDF738FC062CE0D108F0B6F80548FDF7D6
:1048F00031FC054838BD00BFB5490000AC4C010093
:104900005B4501009B4B0100E16400005429F8B5B0
:1049100004D02148562918BF0020F8BD1F48FDF7D4
:1049200019FC0024E5B2284602F0C0FE4FF6FF73E2
:104930009842064605D10A20194940F6565208F019
:104940006FFC2046FDF7C2F8371ABEB2A81C3146EC
:10495000C0B208F02DFA05F12E003146C0B208F0C1
:1049600027FA3146204608F067FD2046FDF7A6FBF2
:104970000C48FDF7EFFB3846FDF7D4FB01340A483D
:10498000FDF7E8FB062CCDD108F066F80748FDF7E7
:10499000E1FB0748F8BD00BFB54900005E450100D6
:1049A00068450100AC4C01005B4501009B4B0100D8
:1049B000E1640000542908B504D0562917D05329C2
:1049C00013D108E00B4A002313700B4A1370FDF754
:1049D00087FE0A4808BD0A4B1B780BB9FEF7C6F9DB
:1049E000044A01231370044A1370002008BD0548CF
:1049F00008BD00BFAE0300207C030020414700003B
:104A0000852E002051480000542908B50BD05629A6
:104A100016D0532912D10B4A012313700A4A13707E
:104A2000FEF7A4F90AE0074A00231370064A137040
:104A3000FDF756FE02F0FAFA044808BD002008BD52
:104A4000034808BDAE0300207C030020A5450000FC
:104A500051480000542938B506D056291FD03C29AA
:104A60004FF000000FD038BD0F4C00250F482560D7
:104A7000FDF770FB012007F025FDA8420C482560DA
:104A800018BF284638BD07F01DFD50B1064B1A6807
:104A9000B2F5FA6F05DC01321A60002038BD054816
:104AA00038BD034838BD00BF401F0020B04501009D
:104AB000994F0000FD3E0000542938B504D0562916
:104AC00042D03C293CD106E02048FDF743FB204B77
:104AD0000020187038BD1E4C2078082832D806F007
:104AE000F1FA237805460BB91A481EE0012B01D1D3
:104AF00019481AE0022B01D1184816E0032B01D106
:104B0000174812E0042B01D116480EE0052B01D105
:104B100015480AE0062B01D1144806E0072B01D105
:104B2000134802E0082B02D11248FDF713FB284678
:104B3000FDF7F8FA0548FDF70DFB237801332370E4
:104B4000002038BD0C4838BD0C4838BD9B4B0100D7
:104B5000351F0020BF450100D5450100EB45010090
:104B600001460100174601002D46010043460100A1
:104B7000594601006F460100BD460000E53E0000B9
:104B80004C2910B54ED006D82C2915D0432921D058
:104B90002B290CD123E0542904D0562944D0532981
:104BA00005D106E008F06AF92048FDF7D3FA0020A5
:104BB00010BD08F085F9FAE708F0E2FC1C4B18601C
:104BC0001C48FDF7C7FA1C4840F2A273036008F0C6
:104BD000DDFCECE71948FDF7BDFA012010BD164CCD
:104BE000204608F00FFD2079FDF738FB08F0C8FCDF
:104BF0000F4B134C1B68C01AB0F5F46F206001D343
:104C000010480DE01048FDF7A5FA2068FDF756FAA8
:104C10000E48FDF79FFA4FF4F460FDF74FFA0C4889
:104C2000FDF798FA0B4810BD0B4810BD85460100F2
:104C30003C1F0020B5460100B0030020C346010020
:104C4000C4200020D9460100E8460100FE460100CC
:104C50000E47010005500000193F000005292DE90D
:104C6000F84305460C46904601D9FDF767FA532DE7
:104C700032D002D8432D40D03CE0542D03D0562DE5
:104C800000F09D8036E04F4B00251D704E4B0121FA
:104C90001E5D304607F060FC38B94C4B53F82400D9
:104CA000FDF758FA4A48BDE8F8834A4F4A4B29466F
:104CB000185D93223B4603F0A5FB484B01221A6086
:104CC0003A46304612F8011B07F05AFD44480A23C1
:104CD000036008F05BFC0DE03A4B01221A703A4B7E
:104CE000185D3F4C07F058FC204608F08BFC2079FB
:104CF000FDF7B4FA0020BDE8F883334B354D13F8C7
:104D000004906A1C9A21484607F08AFD354E2870A7
:104D10003146284603F096FB334F0122334B3A705D
:104D20002A7818700AB9324B3EE000283BD02A4A54
:104D30003078125D824234D1327A932A31D173684D
:104D40002C491A782C4E0A6059789B7942EA012244
:104D500031602A4942450A6029490B601BD1292B41
:104D60001BDD1E4E3368632B13DC00219322194B8D
:104D7000397003F047FB3368484601332978214AEC
:104D8000336007F0FDFC16480A23036008F0FEFBC1
:104D90000EE01D4B08E0292B01DC1C4B04E01C4BF2
:104DA00002E001221A70094B53F82400FDF7D2F9F2
:104DB0003B781848002B08BF0020BDE8F883164850
:104DC000BDE8F883AE030020D0520100205201005C
:104DD000BD460000451F0020264001001420002091
:104DE00090030020B8200020AB030020281F0020E3
:104DF000F852010000200020EC1F0020AC20002011
:104E0000241F0020461F0020D85201002C40010022
:104E10005C53010005500000193F000008461E22A7
:104E20000521FFF71BBF08461E220421FFF716BF0E
:104E300008461E220321FFF711BF08464FF48C627B
:104E40000221FFF70BBF08464FF48C620121FFF7E8
:104E500005BF08461E220021FFF700BF532910B5E9
:104E600014D002D843291AD017E0542902D0562969
:104E70001ED012E008F002F808B90E4814E00E48FF
:104E800040F2DD23036008F081FB06E00A4C204677
:104E900008F0B8FB2079FDF7E1F9002010BD08F01B
:104EA00023F80328E9D10548FDF754F9044810BD5B
:104EB000044810BD16470100700300202C47010074
:104EC00005500000193F00004C2910B525D004D82A
:104ED0001F290CD043291ED00FE0542904D0562995
:104EE0001BD0532909D10EE0FDF7BAF838B10C48B0
:104EF00040F2A273036008F049FB002010BD09488E
:104F0000FDF728F9F9E7064C204608F07BFB2079ED
:104F1000FDF7A4F9F1E7044810BD044810BD00BF37
:104F200080030020424701005D430000055000005F
:104F30004C2910B520D004D81F2912D0202915D013
:104F40001CE0542902D0562916D017E0FDF788F846
:104F50000B4B187008B10B4800E00B48FDF7FAF84E
:104F60000CE0074B1B784BB9084803E0044B18785A
:104F700028B10748FDF7EEF8064810BD002010BD27
:104F8000C920002053470100664701008147010006
:104F90009747010005500000542938B505D056291F
:104FA00010D03C2905D0002038BD084B00201870D7
:104FB00038BD064D2C783CB92046FFF7F9F901239E
:104FC0002B70F0E7024838BD024838BDB4200020FD
:104FD000FD3E00008144000010B500230849C25C7A
:104FE000CC183AB1595C914204D10133412BF5D12F
:104FF000002010BD2078831A5842584110BD00BFD0
:1050000069200020532938B513D002D83B2917D086
:1050100014E0542903D0562900F0AC800EE0584823
:10502000FDF798F8574B00201870574B01221A7063
:1050300038BD544A01231370534A1370002038BD01
:105040005248FFF7C9FF002840F096805048FFF70C
:10505000C3FF002840F092804E48FFF7BDFF0028B4
:1050600066D14D48FFF7B8FF002863D14B48FFF7E2
:10507000B3FF002860D14A48FFF7AEFF00285DD19A
:105080004848FFF7A9FF00285AD14748FFF7A4FF77
:10509000002857D14548FFF79FFF002854D14448C6
:1050A000FFF79AFF002851D14248FFF795FF0028EB
:1050B0004ED14148FFF790FF00284BD13F48FFF702
:1050C0008BFF002848D13E48FFF786FF002845D1D6
:1050D0003C48FFF781FF002842D13B48FFF77CFFA7
:1050E00000283FD13948FFF777FF00283CD13848E6
:1050F000FFF772FF002839D13648FFF76DFF00280F
:1051000036D13548FFF768FF04464C206CB9334868
:10511000FFF762FF002832D03148FDF71BF8194A2B
:1051200001231370184A3E201370FDF77DF885E7C0
:105130002C4838BD2C4838BD2C4838BD2C4838BDCB
:105140002C4838BD2C4838BD2C4838BD2C4838BDBB
:105150002C4838BD2C4838BD2C4838BD2C4838BDAB
:105160002C4838BD2C4838BD2C4838BD2C4838BD9B
:105170002C4838BD2C4838BD2C4838BD2C4838BD8B
:10518000B04701007C030020AE030020C6470100A9
:10519000CF470100DA470100E4470100EE47010074
:1051A000FA470100064801001348010020480100A9
:1051B00029480100334801003D48010047480100EB
:1051C000534801005F4801006B4801007748010027
:1051D000834801008F48010098480100A24801005F
:1051E000AB480100E940000079460000714600002C
:1051F0006946000061460000594600005146000023
:105200004946000041460000193F0000534E00008F
:10521000474E00003B4E0000314E0000274E00007C
:105220001D4E0000814B000039580000314F000036
:10523000C94E0000542910B504D0562913D03C297A
:1052400006D107E00A48FCF785FF0A4B01221A70D5
:10525000002010BD074C23783BB10020FEF756FF1D
:105260000020207010BD044810BD044810BD00BFD0
:105270009B4B0100AA030020FD3E0000BD4600003C
:1052800008B507480749002203F0D0F9064A002371
:105290001370064A01201370054A137008BD00BF41
:1052A0003020002039580000CF2E0020AC2E0020E6
:1052B000D32E00204020FCF7B7BF4120FCF7B4BF3D
:1052C00000487047302000202DE9F74302200DF1FF
:1052D000060107F0A1FB0746C0B92E200DF106011B
:1052E00007F09AFB08B102200BE00DF1060108F06F
:1052F000ADF8074658B90220BDF8061007F058FD72
:105300002E20BDF8061007F053FD00E00027032013
:105310000DF1060107F080FB0646C8B92F200DF1FC
:10532000060107F079FB08B103200CE001200DF124
:10533000060108F08BF8064658B90320BDF80610A0
:1053400007F036FD2F20BDF8061007F031FD00E014
:10535000002604200DF1060107F05EFB0546C8B9E2
:1053600030200DF1060107F057FB08B104200CE0D6
:1053700002200DF1060108F069F8054658B904202D
:10538000BDF8061007F014FD3020BDF8061007F038
:105390000FFD00E0002505200DF1060107F03CFBA4
:1053A0000446C8B931200DF1060107F035FB08B1FC
:1053B00005200CE003200DF1060108F047F8044633
:1053C00058B90520BDF8061007F0F2FC3120BDF8F1
:1053D000061007F0EDFC00E0002406200DEB0001B4
:1053E00007F01AFB8046C8B932200DF1060107F01C
:1053F00013FB08B106200CE004200DF1060108F0B3
:1054000025F8804660B90620BDF8061007F0D0FCEC
:105410003220BDF8061007F0CBFC01E04FF0000889
:1054200007200DF1060107F0F7FA8146C8B93320CD
:105430000DF1060107F0F0FA08B107200CE0052095
:105440000DF1060108F002F8814660B90720BDF8A9
:10545000061007F0ADFC3320BDF8061007F0A8FCDD
:1054600001E04FF0000947B14EB155B15CB1B8F160
:10547000000F14BF4846002006E0384604E03046DE
:1054800002E0284600E0204600F0010003B0BDE83D
:10549000F083000054292DE9F84305D068485629C7
:1054A00018BF0020BDE8F8830025E8B202F0FEF83E
:1054B0004FF6FF739842064605D10A20614940F233
:1054C0000A7207F0ADFE604C284654F82530F718F4
:1054D000FCF7FCFA381A5D4F44F8250027F81560F0
:1054E0000135062DE1D15A4E338801339BB2632B2F
:1054F000338040F29F800025A846635931885FFAC7
:1055000088F993FBF1F109F102006151C0B289B24F
:1055100007F04EFC09F12E00615BC0B207F048FCB9
:105520004046615B08F1010807F086FFB8F1060FFD
:1055300005F10405E1D1474B1B786BB907F08CFAF4
:105540004548FCF707FEFFF7BFFE0546002842D09E
:105550004248FCF7FFFD5CE0232528460135002189
:10556000EDB207F025FC2E2DF7D10021382007F0F1
:105570001FFC3920002107F01BFC0E2528460135B1
:105580000021EDB207F014FC142DF7D100213A20D0
:1055900007F00EFC3B20002107F00AFC0025E8B2D2
:1055A00006F076FE28460021013507F035FF042D70
:1055B000F5D107F07FFF3C20002107F0F9FB002523
:1055C000E8B206F0C9FC28460021013507F018FFB3
:1055D000062DF5D1B2E72248FCF7BCFD37F91500DE
:1055E000FCF7A0FD1F48FCF7B5FD2846FCF76EFA56
:1055F000FCF798FD1B48FCF7ADFD54F82500FCF7BF
:1056000091FD01351848FCF7A5FD062DE6D101F006
:1056100021FC1648FCF79EFD00253E2035802560C4
:105620006560A560E56025616561FCF7FDFD2846C4
:10563000BDE8F883FBF77EFA0D48BDE8F88300BFAC
:10564000054800006845010018200020F01F0020D8
:105650002C1F00202A1F0020C0480100C248010062
:10566000F748010004490100834601009B4B0100FB
:10567000C93E00003B2838B5014642D105F0E4FFA1
:10568000041E3DDD0D2C214D15D0082C01D07F2CA2
:1056900012D12B7823B31E4A12780AB31B4A013B5E
:1056A0000820137005F0B0FF202005F0ADFF0820A2
:1056B00005F0AAFF14E00A242B783F2B10D8144BD6
:1056C0001B7843B123B20A2B02D10D2005F09CFFB9
:1056D000E0B205F099FF2B780E4AD45401332B70B9
:1056E0000D4B1B7813B124B20A2CC7D12B78094A71
:1056F00000240A483B21D45402F0E5FF2C70BDE79A
:1057000038BD0648BDE8384002F0DDBF291F002043
:105710007C03002069200020AE0300203020002000
:1057200030B53C4887B0FCF715FD0024E0B202F02C
:1057300065FA80B2FCF7C2FC052C14BF3648374826
:105740000134FCF707FD062CF0D13548FCF702FDCB
:105750000024E0B201F07EFEFCF7B0FC052C14BF83
:105760002D482E480134FCF7F5FC062CF1D12D48CC
:10577000FCF7F0FC0024E0B201F098FFFCF79EFC7F
:10578000052C14BF244825480134FCF7E3FC062C03
:10579000F1D12548FCF7DEFC0024E0B201F00EFE5A
:1057A00000B2FCF7BFFC052C14BF1B481B4801349A
:1057B000FCF7D0FC062CF0D11C48FCF7CBFC0024F5
:1057C000E0B201F055FF0546FCF778FC052C14BF4C
:1057D00011481248FCF7BEFC2DF814500134062C79
:1057E000EED103AD6846294601F08DF91048FCF76B
:1057F000B1FC002435F81400FCF760FC052C14BF44
:10580000054806480134FCF7A5FC062CF2D107B088
:1058100030BD00BF064901005E4B01009B4B0100FB
:10582000124901001B490100254901002F490100CF
:105830003949010000000000F0B5402985B006D0CC
:10584000542900F005863B2940F0058621E0A84B4D
:105850001B78013B032B00F20286DFE803F0140201
:105860000508A44800F0FCBDFBF764F906E000243D
:10587000E0B2013401F05CFB062CF9D19E4B012211
:105880001A7000F0ECBD9C4B00221A709B4800F08F
:10589000E7BD9B4B1B78012B00F0D7859948FFF79C
:1058A0009BFB28B1944B00241C70914B1C709EE212
:1058B0009548FFF791FB18B1FFF732FF00F0CBBD21
:1058C0009248FFF789FB18B99148FFF785FB30B183
:1058D0008F48FFF781FBFEF76BFD00F0BCBD8D48E4
:1058E000FFF77AFB18B98C48FFF776FB30B18A488E
:1058F000FFF772FBFEF79AFD00F0ADBD8748FFF79A
:105900006BFB20B98648FFF767FB002844D084482A
:10591000FFF762FB002800F0DF828248FCF71AFCE8
:105920000024012C0ED001A9082007F075F80DF114
:105930000601092007F070F80A2002A907F06CF8A8
:1059400079480DE001A90B2007F066F80DF106017A
:105950000C2007F061F80D2002A907F05DF87348EC
:10596000FCF7F8FBBDF80400FCF7DCFB7048FCF723
:10597000F1FBBDF80600FCF7D5FB6D48FCF7EAFB30
:10598000BDF80800FCF7CEFB01346A48FCF7E2FBE7
:10599000022C00F0A182C4E76748FFF71DFB18B98D
:1059A0006648FFF719FB30B16448FFF715FBFEF7B7
:1059B000ADFB00F050BD6248FFF70EFBD8B12324C9
:1059C000204601340021E4B207F0F2F92E2CF7D181
:1059D0000021382007F0ECF93920002107F0E8F920
:1059E0000E24204601340021E4B207F0E1F9142C22
:1059F000F7D100F030BD5348FFF7EEFA20B9524816
:105A0000FFF7EAFA0546A8B1FBF72CF910B94F48A1
:105A100000F01FBDFBF714F910B14D4800F019BD9F
:105A20004C4B01221A7001F069FB4C20FBF724F962
:105A300000F011BD4848FFF7CFFA044628B1474BA4
:105A400001221A702846112125E04548FFF7C4FAC3
:105A500028B1424B01221A70204616211BE0414812
:105A6000FFF7BAFA28B13D4B01221A70002012212B
:105A700011E03D48FFF7B0FA28B1384B01221A7007
:105A80000020172107E03948FFF7A6FA38B1334B59
:105A900001201870152101F027FE00F0DCBC34480D
:105AA000FFF79AFA38B12B4B1D78002D40F0DC80BF
:105AB000304800F0CEBC3048FFF78EFA18B92F48B6
:105AC000FFF78AFA18B105F02FFE00F0C4BC2C488D
:105AD000FFF782FA20B92B48FFF77EFA002855D04D
:105AE000FEF7DCF9284B1A6842F000525CE000BF78
:105AF000C820002005500000852E00200548000029
:105B0000291F0020794901008049010088490100CE
:105B100086490100914901008F4901009A4901001D
:105B200098490100A1490100B1490100BD490100A6
:105B300083460100FF410100CB490100C949010032
:105B4000D2490100DA490100E2490100F5490100AA
:105B50000F4A0100CF2E0020334A0100AC2E002056
:105B60003C4A0100454A01004E4A0100574A0100E3
:105B7000604A0100754A0100A84A0100B04A0100CC
:105B8000BC4A0100BA4A0100D42E00209A48FFF70F
:105B900023FA18B99948FFF71FFA38B1FEF77EF9D2
:105BA000974B1A6842F080421A6064E09548FFF70C
:105BB00013FA18B99448FFF70FFA38B1FBF740F819
:105BC000002800F048840122904BF0E39048FFF752
:105BD00003FA98B1FBF746F800283FF418AF05F038
:105BE0000FFA044610B18B4800F033BCE0B2013428
:105BF00001F09EF9062CF9D100F02DBC8648FFF784
:105C0000EBF9C8B1FBF72EF800283FF400AFFBF723
:105C100017F800287FF401AF05F0F2F90028E2D16F
:105C20000446E0B2013401F095F9062CF9D17B4B22
:105C300001221A702320DBE07948FFF7CDF918B96B
:105C40007848FFF7C9F930B1FEF728F96C4B5A686C
:105C500042F400420EE07448FFF7BEF920B97348E1
:105C6000FFF7BAF9044648B1FEF718F9644B5A68D1
:105C700042F480225A60FEF71DF9ECE36C48FFF70E
:105C8000ABF988B16B48FCF765FAE0B201F0F0FCC3
:105C9000FCF714FA052C14BF674868480134FCF778
:105CA00059FA062CF1D1D6E36548FFF795F938B1DA
:105CB0006448FCF74FFAFAF7C3FFFCF733FA0BE13D
:105CC0006148FFF789F9E8B16048FCF743FA00241E
:105CD000E5B2284601F08AFB0028284603DA01F0E5
:105CE00085FB404201E001F081FB80B2FCF7E6F960
:105CF000052C14BF504851480134FCF72BFA062CF0
:105D0000E6D1A8E35248FFF767F9044680B10020C6
:105D100006F0BEFA012006F0BBFA022006F0B8FA3F
:105D2000032006F0B5FA00213C2007F041F892E389
:105D30004848FFF751F950B30E20FBF7A9FE06467D
:105D40004548FCF707FA36F81400FCF7B7F9052CBC
:105D500014BF394839480134FCF7FCF9062CF2D15C
:105D600001AD3046294600F0A5FE3C48FCF7F2F9AB
:105D7000002435F81400FCF7A1F9052C14BF2E48B7
:105D80002E480134FCF7E6F9062CF2D163E33448DF
:105D9000FFF722F918B93348FFF71EF910B10122B5
:105DA000314B04E33148FFF717F908B1304850E3AD
:105DB0003048FFF711F90322B8B92F48FFF70CF963
:105DC000042290B92D48FFF707F920B92C48FFF7B6
:105DD00003F900285AD02A48FFF7FEF8294B08B1EA
:105DE000002200E001221A700122274B1A703D2088
:105DF000FCF71AFA2FE300BFC24A0100C04A0100B3
:105E0000D42E00201B4B0100C64A0100AC2E0020FE
:105E1000CE4A0100D84A0100F64A0100CF2E0020E8
:105E2000054B0100034B01000D4B01000B4B010022
:105E3000134B01001E4B01005E4B01009B4B010008
:105E4000294B01003B4B0100494B0100554B010020
:105E5000614B0100694B01006E4B0100784B010062
:105E6000824B0100884B0100742E00209A4B0100E8
:105E70009D4B0100A14B0100AE4B0100BB4B01004B
:105E8000C84B01002A1F0020C8200020B448FFF79B
:105E9000A3F802220028A8D1B248FFF79DF80446D3
:105EA000E0B1B148FCF756F900242046FBF70EFE9E
:105EB000FCF738F9AD48FCF74DF9A01C01A9C0B2B8
:105EC00006F0AAFDBDF90400FCF72CF90134A8483E
:105ED000FCF740F9062CE8D1A648BAE2A648FFF73D
:105EE0007BF80546C0B1A548FCF734F9A44B185B14
:105EF000FCF718F90234A348FCF72CF90C2CF5D167
:105F00000024A14B185BFCF70DF902349D48FCF707
:105F100021F90C2CF5D1DFE79C48FFF75DF8A0B123
:105F20002C46E5B2A81C0021C0B206F041FF05F1E5
:105F30002E000021C0B206F03BFF204600210134B4
:105F400007F07AFA062CECD185E29148FFF744F885
:105F5000002840F082828F48FFF73EF8054600286F
:105F600000F088808C48FCF7F5F88C4B8C4C187846
:105F7000FCF7D8F88348FCF7EDF88A4B1878FCF763
:105F8000D1F88048FCF7E6F8874BB3F90000FCF73E
:105F9000C9F87C48FCF7DEF8844B186807F094FDDC
:105FA0006DA3D3E9002307F01FFF08F08DF800B2BE
:105FB000FCF7B8F87348FCF7CDF87D4B186807F08C
:105FC00083FD65A3D3E9002307F00EFF08F07CF8FA
:105FD00000B2FCF7A7F86B48FCF7BCF8754B1878D3
:105FE000FCF7A0F86748FCF7B5F8734B1878FCF796
:105FF00099F86448FCF7AEF8704BB3F90000FCF771
:1060000091F86048FCF7A6F86D4B1878FCF78AF811
:106010005C48FCF79FF82078FCF784F85948FCF7B7
:1060200099F8237863B1674B186807F04DFD4AA3D0
:10603000D3E9002307F0D8FE08F046F800B202E0EA
:10604000614BB3F90000FCF76DF84E48FCF782F89D
:106050005E4B186807F038FD3FA3D3E9002307F033
:10606000C3FE08F031F800B2FCF75CF85848FCF7C2
:1060700071F8F2E1574A53781446212B40F0E6803C
:10608000FAF7F0FD00283FF4C2ACFAF7D9FD00287A
:106090007FF4C3ACA378212B40F0A080E378212BC0
:1060A00034D12379212B06D14B4B01221A7001F0F8
:1060B0006BF826209CE6FDF783FFFDF739FF0646C7
:1060C000FBF788FE00250446FDF77AFFFDF730FF59
:1060D000605302350C2DF7D12146204600F013FD08
:1060E000FDF76EFFFDF724FFA081FDF769FFFDF7C7
:1060F0001FFF2061FDF764FFFDF71AFF003018BF96
:1061000001202075701CFBF76DFEA4E1002101A8A1
:10611000FCF7B8FBE578FDF753FFFDF709FF0446F0
:10612000FDF74EFFFDF704FF412D03464FEA440003
:1061300004D004AA024432F80C2C134404AA1044DC
:1061400020F80C3C244B01221A7001F01DF801A824
:10615000FBF720FE7FE100BF0000000080848E403E
:10616000D04B0100D84B0100E84B0100044901006D
:10617000834601009B4B0100F34B0100034C0100DF
:10618000782E0020FF410100982E0020104C0100C5
:10619000A2480100214C0100354C0100752E002061
:1061A000762E0020B62E0020C82E0020C02E002003
:1061B000942E0020A42E0020D02E0020882E002017
:1061C000902E0020702E0020BC2E0020A82E002033
:1061D000464C010069200020CF2E0020FDF7F0FE84
:1061E000FDF7A6FE0646FDF7EBFEFDF7A1FE054610
:1061F000FDF7E6FEFDF79CFE0446FDF7E1FEFDF728
:1062000097FE0746FDF7DCFEFDF792FE731E032B9B
:1062100001D999481DE16B1E042B01D9974818E15B
:10622000631E012B01D9964813E10122954B904240
:106230001A7002D100F062FF01E000F0A5FF3046C5
:10624000294622463B46FAF7D3FD04E1402B1FD1F5
:106250009378502B0FD18C48FBF77CFF2C468B4852
:10626000FBF778FFE0B201F0F5F80134FBF726FF09
:10627000062CF4D130E6312B854B06BF01221A7073
:106280001870FDF79DFEFDF753FE824B1860E2E0AB
:10629000232B7DD19278804B312A01D1012203E05A
:1062A000322A0CBF022200221A70FDF789FEFDF788
:1062B0003FFE07F009FC6CA3D3E9002307F06AFC5A
:1062C0006BA3D3E9002307F0B3FA07F0FDFE734B8D
:1062D000734C1860FDF774FEFDF72AFE07F0F4FB1F
:1062E00061A3D3E9002307F055FC61A3D3E90023A0
:1062F00007F09EFA07F0E8FE6A4B1860FDF760FEB3
:10630000FDF716FE684B1860FDF75AFEFDF710FE0C
:10631000664B003018BF01201870FDF751FEFDF7E5
:1063200007FE003018BF01202070FDF749FEFDF781
:10633000FFFD5F4A21781060144681B107F0C4FB6D
:1063400049A3D3E9002307F025FC49A3D3E900239F
:1063500007F06EFA07F0B8FE564B186001E0564A97
:106360001060FDF72DFEFDF7E3FD07F0ADFB3EA34A
:10637000D3E9002307F00EFC3DA3D3E9002307F087
:1063800057FA07F0A1FE4D4B18600020206067E02F
:10639000242B18D192784A4B312A08BF012206D00B
:1063A000322A08BF022202D0332A02D103221A70F5
:1063B00051E0342A4FF0000008BF04220BD0352AE8
:1063C0000BD1052207E05E2B09D193780020312BF9
:1063D0003C4B02D101221A7042E0187040E0217853
:1063E000394A262913D12C2B35D193780A2B32D058
:1063F0000020014605F0D4FFFDF7E2FDFDF798FD12
:10640000324B01461860002006F066F815E0252999
:1064100018D12C2B1FD193780A2B1CD000200146B9
:1064200005F0BEFFFDF7CCFDFDF782FD274B0146D1
:10643000186089B23C2006F0BBFC0020014605F044
:10644000AFFF08E02248FBF785FE2248FBF782FEFB
:106450002148FBF77FFE002002E0012000E01F48FA
:1064600005B0F0BDAFF300800000000080848E40D6
:10647000E90B21E7FDFFEF3F494C0100584C0100BB
:106480006F4C0100CF2E0020894C0100FF4101001C
:10649000B62E0020C82E0020752E0020C02E002011
:1064A000762E0020942E0020882E0020902E002092
:1064B000301F0020702E0020BC2E0020A82E0020AF
:1064C000A42E0020D02E002069200020B020002023
:1064D000C04801005749010043490100BD46000082
:1064E000542970B505D0562939D03B2908D0002051
:1064F00070BD1D4B1C78002C33D11C4B1C7027E049
:106500001A4A14783CB1FDF713FD194B00221860AC
:10651000184B1A7021E0184B1B78632B1BD0702B83
:1065200002D1FFF7FDF813E06D2B16D0782B114D3B
:1065300001D12C7015E0762B06D101260F4816707C
:10654000FBF708FE2E70D2E70D482C70FBF702FE19
:10655000FDF77AFDCBE70B4870BD0B4870BD0B48CB
:1065600070BD0B4870BD00BF852E00206820002044
:10657000381F0020AE03002069200020944C010049
:10658000B5440100B5490000094A00005148000027
:10659000BD460000F0B5532985B000F08E8005D8C7
:1065A0003B2900F09280432916D03BE1542904D0C6
:1065B000562940F037819D4835E10024E0B203219F
:1065C000013400F0E7FE062CF8D1994B01221A7035
:1065D000984B00241C7013E1954B1C781E46002C30
:1065E00043D0954EFDF70AFD3378944A202B0BD10A
:1065F000002414702046FBF769FA914B23F814002D
:106600000134062CF6D118E00120312B107001D195
:10661000002005E0322B03D0332B0CBF02200320D7
:10662000FBF736FA0023C15A01AA995202330C2B08
:10663000F9D11046824900F03DFA3278814B0024AE
:106640001A70E5B2284600F073FC7D4B284633F8FB
:1066500014103378202B02D100F0A4FF01E000F0E9
:106660006BFF0134062CECD1DAE0724A1378154640
:1066700073B1E0B2013400F06DFC062CF9D10023B7
:10668000714833702B703123036006F07FFFC7E041
:106690001C46012C02D12046214604E0022C0CBFEE
:1066A0002046E0B20121013400F074FE062CF0D146
:1066B0006648FBF74FFD6648B5E0634C204606F0A0
:1066C000A1FF2079FBF7CAFDACE0624E3378642B62
:1066D00000F0A18008D8202B1ED0C0F0A380A3F129
:1066E0003102032A1DD99DE0702B00F0848006D86A
:1066F000682B40F09780584B01221A700CE0732BE6
:1067000000F08480782B40F08D80494B00241C7071
:10671000484B01221A7073E04C48FBF71BFD4F48B1
:1067200081E0464C474D22780132D2B2032A2270D2
:1067300002D82A789A4201D0012222703E4F454861
:106740003B70FBF707FD4648FBF704FD3846FBF7B7
:1067500001FD4348FBF7FEFC3A48FBF7FBFC4048D1
:10676000FBF7F8FC2078FBF7DDFC3848FBF7F2FC80
:1067700033782078312B08D1012801D1002020E086
:1067800002280CBF042008201BE0322B06D1012870
:1067900017D002280CBF0520092012E0332B08D1A6
:1067A000012801D102200CE002280CBF06200A209B
:1067B00007E0022801D1072003E001280CBF0320D5
:1067C0000B20FBF765F933782B700023C15A01AA1F
:1067D000995202330C2BF9D11046194900F06AF98D
:1067E0000024174BE0B233F81410013400F0A4FE7B
:1067F000062CF6D116E0FEF793FFFDF7FFFB11E044
:1068000011483123036006F0C1FE0BE00F48FBF78F
:10681000A1FC144807E00D48FBF79CFC124802E07D
:10682000012000E0002005B0F0BD00BFB549000028
:10683000A903002010200020A803002061030020ED
:10684000E01F0020AC0300209C0300209B4B0100B4
:10685000E164000069200020852E002041470000EF
:10686000AF4C01000D4900009948000000000000F5
:1068700053297FB53ED005D83B2944D0432900F0A9
:1068800083803EE0542903D0562900F0E88038E0A8
:10689000774B01221A700024052CE5B202D1754B0A
:1068A0001B781BB92846032100F074FD28465821A7
:1068B000013400F061FB062CEED16E4B1B7873B1F6
:1068C0006D4B186807F000F967A3D3E9002307F0C0
:1068D0008BFA07F0F9FB01B2052000F06DFB674B66
:1068E00001221A70664B00241C70664B66481C70AF
:1068F0006223B0E0644C204606F084FE2079FBF76A
:10690000ADFC0024ACE0614B1A78322A15D005D8D2
:10691000312A21D1564B00241C7007E0702A17D071
:10692000782A19D1574B01241C7099E0E0B2013448
:1069300000F010FB062CF9D10CE04D4B01221A702F
:106940000024E0B2013400F0F3FA062CF9D101E0A2
:10695000FEF7E6FE012483E0002319464C48085C5C
:10696000904203D14B481C5A193406E04A48085C4F
:10697000904203D147481C5A193C1C520131062948
:1069800003F10203EAD1E5E73C4B1C781E46CCB18B
:106990000024E5B2284600F0DDFC102808D0284687
:1069A00000F066FE01AB23F81400284600F0C0FAA0
:1069B0000134062CEDD101A8364900F0A4F80023DB
:1069C000337045E02F4A137815465BB1E0B20134CD
:1069D00000F0C0FA062CF9D100232B70284B0124BB
:1069E0001C7036E0264A167815469EB11C46012CCE
:1069F00002D12046214604E0022C0CBF2046E0B222
:106A00000121013400F0C6FC062CF0D100232B70CC
:106A1000224C1EE0164B01AD1C7864B9E0B200F0C8
:106A200027FE25F814000134062CF7D12846194911
:106A300000F069F80CE01748294600F03BF83446AE
:106A4000E0B235F81410013400F076FD062CF7D1D1
:106A500001240D483123036006F098FD00E0104C3E
:106A6000204604B070BD00BF1D5A643BDF4FCD3FD0
:106A70008C03002068200020381F0020AD03002078
:106A8000201F0020FC1F002064030020692000203C
:106A9000585201000420002010530100E16400005E
:106AA000094A0000AFF30080014B012018707047C5
:106AB000842E002003880B8043884B8083888B8042
:106AC000C28843881344A3F50C438288A03B9A18DC
:106AD00005D448F69F439A4202DC93B200E00023BB
:106AE000CB800389028803F58C4350339A1A05D46E
:106AF00048F69F439A4202DC93B200E000230B81E8
:106B000043894B817047038810B50B8043884B80C5
:106B100083888B80C388428803F50C43A033848824
:106B20009B1A1A1B05D448F69F439A4202DC93B283
:106B300000E00023CB80028903881344A3F58C4333
:106B4000503B002B05DB48F69F42934203DC9BB28F
:106B500002E0002300E013460B8143894B8110BD06
:106B60007FB5584B04461B78002B40F0958045F2CA
:106B7000E133ADF80A30544D45F68C23ADF80C30B6
:106B8000524A46F60803ADF80E302B780688A188E5
:106B900040881278002BADF80460ADF80600ADF81F
:106BA000081014BF6423002342BB03F53D52043296
:106BB0009642C0F28180C3F5E742203296427BDCE8
:106BC00003F530522432904276DBC3F5CE422032B8
:106BD000904271DC03F5E15291426DDBC3F5B242A4
:106BE0001032914268DCE18803F52A521432914256
:106BF00062DBC3F5BD436C3399425DDC01A80146FD
:106C0000FFF758FFBDF80A3043F25842A3F52A5364
:106C1000143B9BB293424FD82B782088628883B173
:106C2000A18847F2305302EB510199420BDD45F642
:106C3000C053984294BF0023012394BF0121002137
:106C400003E0194601E00023012145F6BF55A842A3
:106C500000D981B145F214018A422DD8A2F58441B0
:106C6000693989B240F2DA50814204D8A08842F2F0
:106C70002731884220D945F26C218A4204D9A18863
:106C800042F61762914217D933B10D20FAF700FF8F
:106C90002388028893420FD36388A28803EB5202B1
:106CA00047F230539A4209DD208845F6C053984296
:106CB00094BF0020012002E0022000E0002004B088
:106CC00070BD00BF852E0020CE2E0020842E002017
:106CD00005282DE9F04104460E4601D9FBF72EFAAE
:106CE000B4226243564B9F5C9D18BE429E54984608
:106CF00000F0A4807A1E0F2A2ED8DFE802F0080FD9
:106D00002D192D2D2D2E2D2D2D2D2D2D2D217307B2
:106D100023D40A204B4940F66A2206E016F0050FFC
:106D20001BD148490A2040F66D2206F079FA14E09A
:106D300016F00B0F11D10A2042494FF42762F4E7F5
:106D400005F13A00002106F036FB3F4B182202FB0A
:106D5000043300221A7200E001BE013E0F2E6DD8EE
:106D6000DFE806F008176C246C6C6C2B6C6C6C6C98
:106D70006C6C6C41002105F13A0006F01CFB334AB3
:106D8000002302EB841293702F4A182101FB042484
:106D900051E02E4B012003EB84140023A370FBF77A
:106DA00043FABDE8F0410520FBF758BA274B03EB47
:106DB00084140123A370BDE8F08105F13A0000219D
:106DC00006F0F9FA042F39D1002318F8032012F045
:106DD000180F33D0B433B3F5876FF6D1BDE8F04167
:106DE0000520FBF721BA012105F13A0005F1220641
:106DF00006F0E1FA304606F0F1FA014605F11A0014
:106E000006F0D9FA304606F0E9FA014605F11E000F
:106E100006F0D1FA05F11200002106F0CCFA0C4B75
:106E2000262202FB04335878FBF7B8FA064B1822E7
:106E300002FB043402232372BDE8F081BDE8F08137
:106E400040070020F064010020060020A00400207C
:106E5000BC03002037B50E4D022420460DF106017B
:106E600005F0DAFD38B904F12C00C0B20DF10601CD
:106E700005F0D2FD20B12846BDF8061006F09BFAB9
:106E80000134E4B2082C05F1B405E6D103B030BDFD
:106E90009607002010B50024E0B201210134FFF76D
:106EA00017FF062CF8D10520FBF7D8F90120FBF7D6
:106EB000D5F90320FBF7D2F90320FBF7CFF9042023
:106EC000FBF7CCF9BDE8104001F0E0B938B500247B
:106ED0000D4BB42202FB0432E0B20023D11801337F
:106EE00000251D2B81F85A50F8D104210134FFF7F9
:106EF000EFFE062CECD101F0E3F9044608B9FFF7E8
:106F0000C9FF204638BD00BF40070020052810B546
:106F1000044601D9FBF712F9B4235C43034B1B5D14
:106F200013F0070F14BF0020012010BD4007002000
:106F3000052810B5044601D9FBF700F92046FFF7F4
:106F4000E5FF08B9FBF7FAF820461021BDE810402C
:106F5000FFF7BEBE052810B5044601D9FBF7EEF8D1
:106F60002046FFF7D3FF08B9FBF7E8F820460821D1
:106F7000BDE81040FFF7ACBE052838B505460C4605
:106F800001D9FBF7DBF80A4BB4220A4802FB0535AE
:106F900006F024FA844201468CBF0024214605F104
:106FA0000E0098BF012406F006FA204638BD00BF47
:106FB00040070020285C010038B50C4BB42505FBC8
:106FC00000350B480C4606F009FA03B29C4205DC7A
:106FD0005B429C4203DA444224B200E01C4605F1C5
:106FE0001200A1B2BDE8384006F0E5B94007002024
:106FF000285C01007047000008B5044BB42202FB76
:107000000030123006F0EAF900B208BD4007002057
:1070100008B5054BB42202FB00303E3006F0DEF925
:10702000003018BF012008BD400700202DE9F041C5
:107030002A4D00242A4A182101FB0422294BA5F1DC
:107040003E071A6000269846D8F8000000EB86003C
:1070500006F0C4F901360146384606F0ACF9052EB3
:1070600007F10407F0D1204E262303FB04635F7869
:107070001C4B1868143006F0B1F901463846FBF78E
:107080007DF91A48A700384406F0A8F901462846B9
:1070900006F091F916480134384406F09FF901468C
:1070A000281D06F088F9062C05F1B405C2D1FCF7BD
:1070B000CBFE03F069FD48B1FAF7F8FC0D4B1B78E5
:1070C00023B106F12C004FF4487102E00A484FF456
:1070D000FA71BDE8F04106F06EB900BFC0070020AC
:1070E000B0060020E4200020BC030020C05D0100A9
:1070F000D8640100AD2E0020E8030020F8B51D4E35
:107100001D4D00240027A6F11400384406F066F94E
:107110000146A5F13E003844043706F04CF9142F1F
:10712000F1D1304616F8217C06F058F90146384670
:10713000FBF724F911482636204406F04FF90146A2
:10714000284606F038F90E48204406F047F9043482
:107150000146281D06F02FF9182C05F1B405D1D1F0
:10716000FCF772FEBDE8F84006484FF4FA7106F0ED
:1071700022B900BFDE030020C0070020D05C010060
:1071800040560100E8030020F8B51D4E1D4D0024B7
:107190000027A6F11400384406F020F90146A5F1B5
:1071A0003E003844043706F006F9142FF1D130467A
:1071B00016F8217C06F012F901463846FBF7DEF896
:1071C00011482636204406F009F90146284606F003
:1071D000F2F80E48204406F001F904340146281D57
:1071E00006F0E9F8182C05F1B405D1D1FCF73AFE08
:1071F000BDE8F84006484FF4FA7106F0DCB800BF6D
:10720000DE030020C0070020B45901002859010006
:10721000E8030020174BB422002902FB003303DBF4
:1072200003F1420089B221E078B1012804D103F1D1
:10723000420041F2883119E0022804D103F14200F2
:1072400042F2341112E0032804D103F142004FF45A
:10725000C8710BE0042803D103F14200C82105E006
:10726000052805D103F142004FF4FA7106F0A3B8E6
:10727000704700BF4007002038B51D4BB4240029DB
:1072800004FB003409DB8DB204F14600294606F008
:1072900092F804F18000294625E068B1012803D165
:1072A00004F14600002118E0022803D104F1460051
:1072B000FA2112E0032803D104F1460064210CE016
:1072C000042804D104F146004FF4167105E00528A6
:1072D0000DD104F146004FF4C87106F06CF804F1CA
:1072E00080004FF4F061BDE8384006F064B838BD66
:1072F0004007002038B5164BB424002904FB0034A5
:1073000009DB8DB204F14A00294606F054F804F175
:107310008400294617E070B1012804D104F14A0025
:107320004FF448610AE0022805D0032803D004285E
:1073300001D005280BD104F14A00C82106F03BF822
:1073400004F184006421BDE8384006F034B838BD4B
:1073500040070020B4235843014A105C704700BF27
:107360004007002008B5044BB42202FB00307830FF
:1073700006F034F800B208BD4007002008B5044B01
:10738000B42202FB00307C3006F028F800B208BDC1
:1073900040070020034BB42202FB0030783006F097
:1073A0000AB800BF40070020034BB42202FB0030A4
:1073B000A43006F013B800BF40070020034BB422EE
:1073C00002FB0030563006F009B800BF400700202D
:1073D000052810B5044601D9FAF7B0FE024BB422D5
:1073E00002FB0434608C10BD40070020052810B556
:1073F000044601D9FAF7A2FEB4236343074AD11821
:10740000D35C03F0100303F0FF0023B101F12A0065
:1074100005F0E4FF80B200B210BD00BF40070020BD
:10742000052810B5044601D9FAF788FE2046FFF773
:107430006DFD40B1064BB42202FB0430263005F04E
:10744000CDFF80B201E043F2390000B210BD00BFB1
:1074500040070020052810B5044601D9FAF76EFE52
:107460002046FFF753FD40B1044BB42202FB043029
:10747000BDE81040363005F0B1BF10BD4007002018
:10748000052870B505460C46164601D9FAF756FE92
:1074900020464EB10C4BB42000FB0530563005F0B1
:1074A0009DFF00B2201805D448F69F41884202DCB7
:1074B00081B200E0002126235D43044B585DBDE806
:1074C0007040FAF75CBE00BF40070020BC030020FC
:1074D000F8B5FFF7BFFC154D154C0026F7B229880B
:1074E00001223846FFF7CCFF0146204605F063FF36
:1074F000698801223846FFF7C3FF0146201D05F0C9
:107500005AFF013615F8090C2146FAF719FF062E25
:1075100005F1260504F1B404E0D1FFF735FE054876
:10752000314600F099FE0120F8BD00BFC6030020DF
:1075300042070020A0040020052870B504460E462E
:1075400001D9FAF7FBFD48F69F439E4201D9FAF7AD
:10755000F5FDB4236343124AD518D35C102B1CD11C
:10756000314601222046FFF78BFF0446A81C05F098
:1075700035FF0646A81D05F031FFB44204D3A042F2
:1075800034BF06462646B6B205F11A00214605F07C
:1075900012FF331B5842584170BD002070BD00BF20
:1075A00040070020052870B504460E4601D9FAF7B9
:1075B000C5FD48F69F439E4201D9FAF7BFFDB423AB
:1075C0006343154DEB5CDA0605D40A2013494FF4EA
:1075D000FE6205F025FEB42331460022204603FB5F
:1075E0000455FFF74DFF0446A81C05F0F7FE0646BC
:1075F000A81D05F0F3FEB44204D3A04234BF0646F2
:107600002646B6B205F11A00214605F0D4FE331B1A
:107610005842584170BD00BF40070020F06401008F
:10762000052870B504460D46164601D9FAF786FDC1
:10763000262363430C4A2946D05CFAF7BAFD054677
:1076400003464EB1094BB42202FB0430563005F01C
:10765000C5FE00B22B1A05D448F69F40834202DCD7
:1076600098B270BD002070BDBC0300204007002010
:10767000052810B5044601D9FAF760FDB423634329
:10768000094AD018D35C13F0180F09D0223005F046
:10769000A5FE012201462046BDE81040FFF7C0BF0D
:1076A0004FF6FF7010BD00BF40070020052810B541
:1076B000044601D9FAF742FDB4236343094AD018BE
:1076C000D35C13F0180F09D0223005F087FE00229A
:1076D00001462046BDE81040FFF7A2BF4FF6FF70FD
:1076E00010BD00BF40070020052873B504460D46B5
:1076F00001D9FAF723FD1C2D02D9FAF71FFD02E08C
:10770000002D00F05C81B4216143AE4B5818284431
:1077100090F85A200132D2B280F85A20AA4850F884
:1077200025008242184604D0A84E3678002E00F07C
:10773000E8800023ADF80630A5F111030B2B00F211
:10774000DB80DFE813F04C007900D900D900B400E9
:10775000640099003C010C00D9002A00D000FAF71F
:10776000DFFF202803D105F00BFF994B18600320A1
:10777000FAF75AFD2046FFF739FE0028204604DAC2
:10778000FFF734FE404281B202E0FFF72FFE0146D0
:10779000904B0C20198009B2B0E02046FFF726FE7E
:1077A0000028204604DAFFF721FE404280B201E0C3
:1077B000FFF71CFE874D2880FAF7B2FF40280AD158
:1077C00005F0DEFE824B40F2A2721B68C01A9042A6
:1077D00000F2D580F3E0202840F0D180EFE00DF1F9
:1077E0000601232005F018F9BDF806102320013109
:1077F00089B2ADF8061005F0DBFA0321342005F05C
:10780000D7FA0420FAF710FD0B20112176E00DF1D4
:107810000601242005F000F9BDF8061024200131EE
:1078200089B2ADF8061005F0C3FA0321342005F043
:10783000BFFA0B20162151E00DF10601252005F0BD
:10784000EBF8BDF806102520013189B2ADF806101D
:1078500005F0AEFA0121342005F0AAFA0420FAF767
:10786000E3FC1221224600230B2004F0C5FA232159
:10787000222005F09DFAA2E00DF10601262005F078
:10788000CBF8BDF806102620013189B2ADF80610FC
:1078900005F08EFA0121342005F08AFA17210B2019
:1078A0002246002304F0A8FA2220232181E004F1DB
:1078B0002705EDB20DF10601284605F0ADF8BDF83B
:1078C00006102846013189B2ADF8061005F070FAAD
:1078D0000221342005F06CFA0B20152122460023EA
:1078E00004F08AFA67E0B42303FB04007C3005F05F
:1078F00075FD01B20E2001E00B202946224600232F
:107900003AE0354850F82500824258DB1C2D06D15C
:1079100058187C3005F062FD01B20E202AE0192DC6
:1079200011D12046FFF762FD0028204604DAFFF758
:107930005DFD404281B202E0FFF758FD0146254B54
:107940000C20198012E01B2D12D12046FFF74EFDAE
:107950000028204604DAFFF749FD404281B202E0E8
:10796000FFF744FD01461B4B0D20198009B201E0D1
:107970000B2029462246012304F03EFA1FE0B5F908
:10798000001004F10E0522460023EDB20D2004F094
:1079900033FA0DF10601284605F03EF8BDF8061051
:1079A0002846013189B2ADF8061005F001FA3420FD
:1079B000042105F0FDF920460221FFF789F902B004
:1079C00070BD00BF40070020B45F0100AC2E002056
:1079D00008210020EA20002040590100052838B580
:1079E00004460D4601D9FAF7A9FB15F0010204D0AF
:1079F00020461621FFF778FE05E01B4BB42101FB62
:107A0000043383F8702005F0040303F0FF0223B170
:107A100020461721FFF768FE05E0134BB42101FB58
:107A2000043383F8712005F0200303F0FF0223B133
:107A300020461821FFF758FE05E00B4BB42101FB4F
:107A4000043383F872202B0605D520461521BDE8A6
:107A50003840FFF749BE044BB42202FB0434002334
:107A600084F86F3038BD00BF400700200528F8B506
:107A700004460D46164601D9FAF760FB1C2D02D9C3
:107A8000FAF75CFB12E0102D10D1B42161430F4BCB
:107A9000262707FB04370E4801F118030344421858
:107AA0002232991C78780633FAF7B8FC46B1084BB5
:107AB000B42202FB04340023254485F85A30F8BD73
:107AC00020462946BDE8F840FFF70EBEBC03002063
:107AD0004007002005282DE9F041044601D9FAF7B6
:107AE0002DFBB4276743384EF35DF519042B1AD1EB
:107AF000052C01D9FAF722FB0023EA1892F85A2044
:107B000052B1A3F11102D2B20A2A0CD8012191403C
:107B100040F203520A4032B101331D2BEDD1204611
:107B20000821FFF7D5F82046FFF760FC0028204623
:107B300004DAFFF75BFC404280B201E0FFF756FC3D
:107B4000DFF89480A8F80000FAF7EAFD1F4B202820
:107B50004FF0260000FB04301AD1023005F03EFC45
:107B60001B4B80B21880F35D102B09D1B8F900309F
:107B700000B2834204DD20461921FFF7B5FD02E083
:107B8000002385F87330002385F87530BDE8F08157
:107B9000063005F023FC0F4B80B21880F35D102BEC
:107BA00009D1B8F9003000B2834204DD20461B2120
:107BB000FFF79AFD02E0002385F87530002385F871
:107BC0007330BDE8F08100BF40070020BC030020F7
:107BD00004210020E8200020E22000200023064AA3
:107BE0009A5C102A05D0B433B3F5876FF7D1002023
:107BF00070470120704700BF4007002008B5044BC4
:107C0000B42202FB0030A03005F0E8FB00B208BD52
:107C1000400700200228F8B504460F4601D9FAF7BC
:107C20008DFA0B4B1B788BB14FF4AA756543094E47
:107C3000741904F59E742046354405F0E3FCC5F83C
:107C40003C712046BDE8F84005F0A0BCF8BD00BF7F
:107C50000C210020182100202DE9F04F022887B0C8
:107C6000064601D9FAF76AFA4FF4AA7A0AFB06F235
:107C7000A74B9A5C9B460AB1FAF760FA0AFB06FA30
:107C80000BEB0A04E3780B2B27D90025A149E8B2B6
:107C90000B7883420CD9A04B1B6803EB80135A78F6
:107CA000B24203D19A780AB15B6B98470135EDE790
:107CB0000023E37011E098490F6807EB821707EB88
:107CC0008303D3F804807B78B3420DD0A3780133CB
:107CD000A3700023237184F898308E49A2780B7822
:107CE0009342E378E7D807E1BB78002BEED0B8F1F8
:107CF000000FEBD02379002B40F08D80022E3D78D1
:107D000001D9FAF71BFA4FF4AA7373431BF8033037
:107D10002BB10A20814940F2AB1205F081FA2846C6
:107D200098F8001098F8012004F1A00300F06AFB15
:107D300030B90A20794940F2EF2205F071FA08E0E3
:107D4000304694F8A01004F1A10204F019FD0028B7
:107D5000EFD06F4A012302F80A30002358E00120D7
:107D60006F4B01281870DFF8C0916E4B8CBF00225A
:107D7000012200F001001A7089F80000BB6BA078A6
:107D8000297C984799F80030002B44D0022E97F8B0
:107D9000008001D9FAF7D2F96B78042B01D9FAF7F0
:107DA000CDF9EB680BB9FAF7C9F9E86805F016FBED
:107DB000030A8DF8153003044CBFFF2300238DF810
:107DC00014008DF816308DF8173004F1A002074624
:107DD00029786B784046009205AA00F0E7FA00285F
:107DE00000F08380304694F8A01004F1A10204F062
:107DF000C7FC0646002878D0686810B1394605F0FF
:107E0000DAFA002E71D0424A032302F80A306B6975
:107E1000C4F89C3078E094F89830272B3FF656AFA2
:107E200008EB83025568013384F89830002D3FF445
:107E30004DAF95F8009098F80020631DB9EB02094A
:107E400007D4697898F80120C1F1010149449142B1
:107E500003DB0393FAF772F9039B697813F809209F
:107E6000022903D0042901D0914604E04B4493F841
:107E7000019042EA09292B7A013B032B31D801A159
:107E800051F823F05F7D0000957E0000A97E000080
:107E9000BF7E0000EB680BB9FAF750F9E86805F00F
:107EA0009DFA48451FD11CE0EB680BB9FAF746F97B
:107EB000E86805F093FA484513D0022050E7EB68D4
:107EC0000BB9FAF73BF9E86805F088FA4845F4D8A9
:107ED000E868043005F082FA484534BF02200020EB
:107EE0003EE700203CE703203AE70A200B4940F236
:107EF0003E3205F095F986E70133E3700023A37065
:107F000030460121FFF786FE07B0BDE8F08F00BFC5
:107F1000182100201725002010210020246B0100CB
:107F200016250020142100200D2100202DE9F04706
:107F30004FF4AA764643264F0546BB5DBC19022B7B
:107F400044D1244BA1781A789946914201D3FAF78B
:107F5000F5F8214BA1781A689A4602EB8112527803
:107F6000AA4205D00A201D4940F2612205F058F9C5
:107F7000DAF8003094F8028003EB8818E3780B2BD2
:107F800001D9FAF7DBF8E37808EB83035B680BB9F8
:107F9000FAF7D4F8D8F83C30A07880219847A37835
:107FA00099F800200133DBB29A42A37004D8002371
:107FB000A370E3780133E370002184F898102171F5
:107FC0002846B955BDE8F047FFF724BEBDE8F08765
:107FD000182100201725002010210020246B01000B
:107FE000022838B5054601D9FAF7A8F8144B1B78D2
:107FF00023B34FF4AA726A43124B0020995C9C1879
:10800000032984F8A00007D19854D4F89C1028467E
:10801000BDE83840FFF7FEBD01290FD10221995478
:1080200002F5A4729D18284605F0ECFA3223C4F834
:1080300048312846BDE8384005F0A8BA38BD00BF31
:108040000C210020182100202DE9F04F4FF4AA7ACE
:108050000AFB00FA6C4FABB017F80A300646022B49
:1080600007EB0A04B84602D0042B40F0C58094F810
:10807000A0203046C2F19A012244C9B2A13204F0D4
:10808000CFFB94F8A030034484F8A030002800F01F
:10809000B8804FF4AA75754308EB050905F5A4757A
:1080A00099F84C014544FAF7D9F8284605F0AAFAA0
:1080B0000B23C9F84831284605F068FA04F1A000FE
:1080C00003A900F0BFF9002800F09B802378022B61
:1080D000F4D14E4BA2781B789A4201D3FAF72EF8CE
:1080E000DFF83481A278D8F8003003EB82135B7894
:1080F000B34205D00A20464940F2172205F090F815
:10810000E3780B2B01D9FAF719F8A278D8F80030E8
:1081100003EB8213E27803EB82035B680BB9FAF797
:108120000DF8A378D8F800209B01E17802EB030951
:1081300009EB8101D1F804809DF8140098F8011032
:108140008842BBD1D25C9DF80C309A42B6D1284609
:1081500005F058FAD9F83C30A0789DF80D109847F2
:108160009DF8142004980023D9B2914204D2C55C32
:10817000E1184D710133F7E704F1050B4FF00009E9
:1081800008EB09035D6865B36B682BB398F80030A2
:108190002A78D21A1F4B92B21A8012B2002A07DB39
:1081A0006978C1F101010A4498F801108A4203DBA1
:1081B0000193F9F7C3FF019B6A78B3F90030022AF3
:1081C0001BF8031001D0042A03D15B445B7841EA19
:1081D0000321686805F0EFF809F10409B9F1A00F6F
:1081E000CED101232371002307F80A303046D4F89A
:1081F0009C10FFF70FFD04E09A210DF10D0204F031
:108200000FFB2BB0BDE8F08F1821002017250020B0
:10821000246B010014250020102100200A4B10B50A
:1082200000241C70094B1C7009480A492044214451
:108230004FF4AA7204F5AA7406F012FAB4F57F7F1F
:10824000F2D1012010BD00BF0C2100201725002015
:10825000182100202867010038B5084B04461B7818
:108260000D462BB10A2006494FF45D7204F0D8FF89
:10827000044B1C60044B1D7038BD00BF0C21002056
:10828000246B0100102100201725002038B50A4D6D
:1082900000242879F9F7E2FF284605F0B3F9E0B2A7
:1082A000013404F079F9032C05F5AA75F1D1034BDB
:1082B00000221A7038BD00BF542200200C2100207B
:1082C000164B2DE9F0411D780DB1012723E0144A2A
:1082D000177807B301221A702E46124A0024531948
:1082E0005FFA86F89C70DC701C7183F898404046F9
:1082F000AC54012104F030F9074610B9FFF7C6FF6E
:1083000009E0404621460136FFF784FC032E05F5BF
:10831000AA75E2D1D9E73846BDE8F0810C210020EA
:10832000172500201821002008380F2837D8DFE84B
:1083300000F0282A2C080D13181D23363636363344
:10834000312F184B1B785BB3002003E0154B1B78D3
:1083500033B30120FFF778BE124B1B7803B3022022
:10836000F8E7104B1B78DBB1002003E00D4B1B78C6
:10837000B3B10120FFF7DABD0A4B1B7883B10220AD
:10838000F8E7002002E0012000E00220FFF728BE0D
:10839000002002E0012000E00220FFF75DBC01BEEA
:1083A000704700BF0C2100200120704770B5922952
:1083B000049C25D85D1EEDB2922D21D8CD18932DA9
:1083C0001ED8FF25E070063018446570A570DD1CCE
:1083D0002571A171032501446571C9B20020165CA5
:1083E0002518EE71155C01302944C5B29D42C9B211
:1083F000F5D3E218C9430733D1712370012070BD52
:10840000002070BD922910B519D8541EE4B2922CE8
:1084100015D88C18932C12D8D8700630FF24DA7136
:1084200002445C709C709971042411441C71C9430E
:10843000022408225C7119721A70012010BD0020FC
:1084400010BD0000F0B503789A2B0BD90022027002
:1084500003E05B1B0370032A01D00020F0BD03780A
:10846000052B25D80378052BF7D99A2B4FF000025E
:10847000EDD8044614F8015F5200FF2D08BF013209
:108480001E4DAA5C251AEDB29D4201D2032AF1D1FC
:10849000AD1A15F0FF05DED00024E7B27E199E422A
:1084A00004F10104D5DA0644767807447E70F4E7D7
:1084B0000479A21ED2B2942A02D900234370D1E7D4
:1084C00004349C42C9D800220223A34206D2C51814
:1084D0006D7801332A44D2B2DBB2F6E7FF2AECD141
:1084E00000234370C3780B7043794B70831D4B603E
:1084F00003790120023B0B72F0BD00BF6F6B0100DE
:10850000002070472DE9F0470E4688B0904604469B
:1085100020B100F16043B3F5804F01D3F9F70EFEAF
:108520001EB1414B721E9A4201D9F9F707FE94F829
:1085300028301BB9F9F702FE00E0A846012E4CD9FD
:108540000096ADF10405002655F8043F204656215B
:108550009847013601286860F6B203D9072EF3D197
:10856000F9F7ECFD94F82870354617B10DB1474581
:1085700002D84FF000080DE008A96A1E01EB820046
:108580007B1E54F8231050F8200C8142F1D1DFB249
:10859000D5B2EAE75FFA88F39F4207D954F828304A
:1085A00020465321984708F10108F3E700235DF8BE
:1085B000232044F823200133DAB2B242F7D384F8FF
:1085C00028600126002DB8D0013DEDB254F82530C9
:1085D0002046542198470646F4E7002604EB860718
:1085E0004FEA461A0AF11F0AFD6A5FFA8AFAA5B134
:1085F000C5F1000909EA0509B9FA89F8C8EB0A08C2
:108600005FFA88F8B8F1510F01D9F9F797FD4046A4
:1086100025EA0905F9F708FEE9E70136032EFD62B0
:10862000DCD108B0BDE8F087FEFF010070B50D4653
:108630001646044620B100F16043B3F5804F01D3E4
:10864000F9F77CFD1DB10C4B6A1E9A4211D9F9F75E
:1086500075FD84B17DB1094B00222360012384F8AC
:1086600028302262666220462946BDE87040FFF746
:1086700049BF002CEFD170BDFEFF01000185000055
:1086800038B50C46054608B9F9F758FD2CB9F9F785
:1086900055FD02E0A34204D01D462B6A002BF9D100
:1086A00010E0236A2B62002394F828205D1CDBB2C3
:1086B0009A4206D954F823302046532198472B4636
:1086C000F2E738BD38BD2DE9F84301F01F034FF044
:1086D000010909FA03F904460D464FEA5118FCB1A5
:1086E000002694F82830F7B2BB4217D9294654F82F
:1086F000273020469847013601460028F1D002284D
:1087000006D104EB8803DA6A49EA0202DA6205E07C
:10871000012803D920463A46FFF7F4FE246ADEE733
:10872000BDE8F883542904D853290AD2212906D058
:1087300001E0562901D000207047034870470348E4
:1087400070470120704700BF299800005187000042
:10875000542904D853290AD2222906D001E05629E7
:1087600001D000207047034870470348704701203C
:10877000704700BF29980000258700005339C9B20F
:10878000032903D8024B53F821007047002070479B
:10879000A06B0100372908B515D004D81E2914D0C4
:1087A000332912D005E0542905D056290FD053297A
:1087B00005D0002008BDF8F7A7FB064808BDF8F76C
:1087C000C3FB012008BD044808BD044808BD044897
:1087D00008BD00BF219C0000A19D000075AA0000FB
:1087E000799A000008B5114B114A1B7803205329D0
:1087F00022F8130018D002D8232910D00BE05429F6
:1088000002D0562909D006E00A4A012111700A4A0D
:10881000D05CF8F731FA002008BD084808BD054BC8
:1088200000221A70064808BD012008BD60250020FE
:10883000D40C0020912E0020B06B0100C5970000E1
:1088400011A70000322970B57FD007D8232900F086
:1088500081802F297CD10122544B78E0542904D007
:10886000562970D0532973D19EE0514B00221A70C3
:10887000504B1978504B01B11A701B784F4D504C2A
:1088800093B3FEF781FCFBF7FBFA2B78022B0ED09B
:10889000032B12D0012B237804D00BB1352011E02B
:1088A00006200FE00BB136200CE007200AE0237809
:1088B0000BB1372006E0082004E023780BB1382004
:1088C00000E00920F8F7D8F93E4B2A7853F8221037
:1088D000013943F822103C4B1B78002B64D03B4BF2
:1088E0001A78013A1A705FE0394B1A786AB1364A41
:1088F00012781AB1354A1278022A06D92A7801323A
:1089000002F003022A7000221A702D782378022DBB
:108910000DD0032D12D0012D04D00BB1312008E071
:10892000022006E00BB1322003E0032001E01BB17E
:108930003320F8F7A1F937E00420FAE70BB134202F
:10894000F7E70520F5E7234870BD234B01221A7095
:10895000002070BD194E214C33780C2505FB0343D4
:108960001B7A8BB104F00CFE32786A43A318596865
:108970004FF47475401A00F5F471B1FBF5F1A15094
:1089800001225A7200221A720B4B00221A700E4BEF
:108990001878194620B10D4B1878022888BF1A7034
:1089A00000230B700E4870BD012070BD48250020CB
:1089B00068250020752E00204D2500206025002010
:1089C000AD2E002050250020C52500207025002058
:1089D000612500207D8700006225002018250020E9
:1089E000E58A0000382908B51ED006D82F2922D0E4
:1089F00032293CD02A2906D14CE0542905D05629E9
:108A000058D053290BD0002008BD2B480023036009
:108A100004F0BCFD4420F9F707FC284808BD2648AF
:108A200004F0F0FD012008BD234804F0EBFD244BC9
:108A30000020187008BD234B1B781BB1224B1A78FD
:108A4000013A1A7002F0B2FD28B102F0A5FD80F0E3
:108A50000100C0B200E001201C4B00F001001870C2
:108A6000174B00221A701A4B01221A700FE002F005
:108A70009DFD40B9174B1B784BB9154A0123137064
:108A8000124A137003E002F087FD0028F2D0FEF7CF
:108A90007BFB09E00B4B1A78094B3AB100221A70A4
:108AA000094B1A78013A1A700B4808BD01221A7056
:108AB0000A4808BD0A4808BDB00C002071A6000095
:108AC0004D250020CF2E002060250020C525002048
:108AD00061250020752E002045880000199E0000A9
:108AE0007D87000038B5884B00241C70874B2F29E8
:108AF0001C706BD010D8272900F0CE8005D8232910
:108B00004BD0262900F0CC80BCE02A2900F0CA8096
:108B10002C2900F0F680B5E0492900F0F28005D854
:108B2000322979D0382900F0DB80ABE054290BD012
:108B3000562900F0E480532940F0A480F8F704FBA4
:108B4000734804F05FFDDCE04520F9F76DFBFEF7AC
:108B50006DFA2046F8F7CCFA6E4B6D481B686E4CE8
:108B6000036004F013FD6D4B1A781D460AB12720EF
:108B70000DE023786BB102F00FFD18B9684B1B783C
:108B800023B9F4E702F012FD0028F7D02620F9F708
:108B90004BFB00232B702370B3E0624B1D78624BBC
:108BA00005B11C701B78002B40F0AB801DB15848FC
:108BB00004F028FD8CE0FEF739FA5B4B54481D7039
:108BC000544B1B68036004F0E1FC81E0564B1C70C1
:108BD000524B1C70504B1C70524B1A781C463ABBBF
:108BE00002F0DAFC514C58B94D4B1D7865B9FEF7CF
:108BF00085FA2720F9F718FB23780133237041E029
:108C000002F0D4FC0028EFD0FEF7BEFA2620F9F7D8
:108C10000BFB0020207038BDFEF770FA424B1C7031
:108C20003E4B1C703C4B1C703E4B1A781C4692B15C
:108C30003F4B1B78022B06D0032B06D0012B14BF11
:108C40000220032002E0042000E00520F8F714F8D9
:108C5000002323703CE0FEF751FA2720F9F7E4FAED
:108C600002F09AFC38B92E4B1B7843B92F4B1A7877
:108C700001321A7003E002F099FC0028F3D002F0F0
:108C80008BFC08B9002038BD02F090FC0028F9D018
:108C9000264B0020187038BDFEF730FA254838BD45
:108CA000254838BD1F4B1C781D469CB1204B1B78B6
:108CB000022B06D0032B06D0012B14BF0220032069
:108CC00002E0042000E00520F7F7D6FF00232B7018
:108CD0001A4838BDFEF712FA134B19481C7038BDFC
:108CE000114C0B4823780133237004F08BFC20785F
:108CF000144B154A01288CBF1046184638BD13483E
:108D000038BD012038BD00BF4D250020682500205A
:108D1000A40C0020C02E0020482500206225002041
:108D2000752E0020CF2E00206D25002070250020FC
:108D300060250020C597000001A30000E58A00001F
:108D4000199E000035A20000DDA700007D8700000D
:108D500049292DE9F04700F0098107D82C2900F0B6
:108D60000881382927D02A2908D105E1542908D0BB
:108D7000562900F01181532900F0E1800020BDE860
:108D8000F0870320FEF7E6F80420FEF7E3F805205D
:108D9000FEF7E0F8834B844A01241C700023137013
:108DA000824A1370824A1370824A1370824A137087
:108DB000824A1360C1E07E4E7A4D337837468BB1DC
:108DC0000320FEF7C7F80420FEF7C4F80520FEF7DD
:108DD000C1F8754A01241470744A00232B70137073
:108DE0003370AAE02B784BB96F4B1C789946002C56
:108DF0003BD0734B01221A80582204E0704B0322AF
:108E00001A8040F2FF326F4B03241A806C4BE6B29B
:108E100019883046FEF7BEFA6A4B30461988FEF7CD
:108E2000E9F8013430460021FEF7A6F8062CEDD112
:108E30000024E6B230464FF0FF31FEF7EBF9304642
:108E40004FF0FF31FEF718FA013430464FF0FF3192
:108E5000FEF750FA062CECD1534A00231370534A04
:108E600001242B7014703B7067E0504B1A789846C1
:108E7000002A5ED0514B03261A689A4601321A60C6
:108E8000F0B2FEF77BFA4E4B01361B88984218BFB2
:108E90000124062EF4D14CB1DAF800307D2B05D830
:108EA00049480124046004F071FB5CE00026CAF824
:108EB0000060F0B20136FEF73BF8062EF9D1002330
:108EC0002B7089F8003088F800303B70394B1B78E4
:108ED000002B64D1384B1D78002D60D13B4B24B161
:108EE0002A201D70F9F7A0F948E71C70FEF79EF8DC
:108EF00021460320FEF740F821460420FEF73CF807
:108F000021460520FEF738F82046F8F7F1F8304BF7
:108F100001251D702F4B2C481C7047F271230360F4
:108F200004F034FB2C4B1D702C4B1C702C4B1C6024
:108F300019E0214B01241C7034702348B2E7194A10
:108F400000231370184A1370184A1370184A1370CC
:108F5000184A1370184A1370F8F7F6F8F8F710F972
:108F6000194804F04FFB0120BDE8F0871D48BDE81B
:108F7000F0871D48BDE8F087144B01241B78002BB7
:108F8000F1D10B4B104D1C700A4B28461C7004F09D
:108F900039FB2C60284686E71448BDE8F087144862
:108FA000BDE8F087B52500204F2500207225002060
:108FB0006F250020CC250020D0250020C8250020CA
:108FC0004A250020CE250020980C0020900B002080
:108FD000F40B00204E2500206E2500206325002084
:108FE000BC250020E1A90000F58F0000199E0000BB
:108FF000E5930000352910B557D006D82B2972D03B
:109000002C2961D029296AD16BE053295ED026D85A
:10901000382964D100204FF0FF31FEF72DF90020F0
:109020004FF0FF31FEF766F901204FF0FF31FEF7F8
:1090300023F901204FF0FF31FEF75CF902204FF0D9
:10904000FF31FEF719F902204FF0FF31FEF752F918
:10905000314B002001461A78F8F730F83FE05429E8
:1090600002D0562954D03AE00020FDF773FF0020CB
:109070000146FEF701F900200146FEF73BF9012009
:109080000021FEF7F9F801200021FEF733F9022054
:109090000021FEF7F1F802200021FEF72BF91F480E
:1090A00040F22513036004F071FAF7F727FF022856
:1090B00005D1082001F074FEF7F7A8FD04E00720B1
:1090C00001F06EFEF7F7B2FD012010BD134804F069
:1090D00099FAF8F755F8072001F062FEF4E700204E
:1090E00010BD0F4810BD0D4804F08CFAF7F706FFCD
:1090F000044630B101280DD1F7F736FF094B1C703B
:1091000004E0F7F731FF074B01221A70064810BD43
:10911000064810BD064810BD602500205C0C0020EC
:10912000E1A900004E250020F5910000199E0000E5
:1091300035910000382908B51AD006D82C292AD034
:10914000332939D01E2906D136E0542905D05629B5
:1091500043D0532914D0002008BD082001F020FE80
:10916000F7F764FDF7F74EFD1D4842F2276302E072
:109170001C4840F2A373036004F008FA012008BD04
:10918000F7F754FDF7F704FD164804F03BFA1448CE
:1091900004F038FAF2E703204FF0FF31FEF73AF817
:1091A00003204FF0FF31FEF767F803204FF0FF3147
:1091B000FEF7A0F80C4808BD03204FF0FF31FEF782
:1091C00029F803204FF0FF31FEF756F803204FF047
:1091D000FF31FEF78FF8054808BD054808BD00BF00
:1091E000680C0020F80B0020F58F000075AA000025
:1091F000799A000049292DE9F04159D006D82C2947
:1092000059D038295AD02A2907D1ADE0542907D09E
:10921000562900F0C68053293BD00020BDE8F081DC
:1092200000204FF0FF31FEF727F800204FF0FF310C
:10923000FEF760F801204FF0FF31FEF71DF8012026
:109240004FF0FF31FEF756F802204FF0FF31FEF7E6
:1092500013F84FF0FF310220FEF74CF8FAF702FE48
:109260000020F7F745FFF7F7E1FC514A00231370A0
:10927000504A51481370514A1370514A1370514A61
:10928000138047F27123036004F080F90120BDE8E8
:10929000F081474A00231370464A1370474A1370FF
:1092A000474A1370F7F750FF434804F0ABF9EDE776
:1092B0004548BDE8F0814548BDE8F0813D4B1D784B
:1092C0001E46ADB10324E5B22846FDF743FE28460D
:1092D0000121FEF75FF8013428465821FDF78AFE88
:1092E000062CF0D1324B01241C700023337039E07E
:1092F0002F4A11789046002930D0324B03241A8827
:109300001F4601321A80E0B2FEF738F80134012816
:1093100018BF0125062CF6D135B13B887D2B03D82B
:10932000254801240460AFE700243C80E0B201340A
:10933000FDF7FEFD062CF9D1002388F800303370CC
:109340001F4B1B78002B2FD11C4B1C7864BB1A4879
:1093500047F27123036004F019F95EE7184A01240B
:1093600014701C701448DDE7194B1B7863B1F8F7D3
:1093700075FC0023C8B1174A1370174A537253750E
:1093800082F8213082F82D300A4B0B4D01241C70DD
:109390000A4B28461C7004F035F931232B6028460F
:1093A00072E70E48BDE8F0810D48BDE8F08100BFCE
:1093B0006C25002069250020400C0020B4250020E9
:1093C000C4250020C0250020E1A90000F58F000081
:1093D0004E250020F40B002018250020199E0000C7
:1093E000E593000010B50C46F8F760FBF7F786FD33
:1093F00020B1F7F783FD431E58425841532C45D006
:1094000002D8232C46D003E0542C03D0562C3FD056
:10941000002010BD254B1A78254B1C78CAB1022CB0
:109420000DD0032C10D0012C04D008B131202BE03A
:10943000022029E008B1322026E0032024E008B110
:10944000332021E004201FE008B134201CE0052077
:109450001AE0184B022C1B780DD0032C10D0012CD5
:1094600004D00BB141200FE02F200DE00BB14320C1
:109470000AE03B2008E00BB1452005E03D2003E079
:109480000BB1472000E03F20F7F7F6FB012010BDAD
:10949000094810BD094B00221A70094B197811B107
:1094A0001A70084810BD084810BD00BFF40B00201A
:1094B00060250020AD2E00207D8700004D25002076
:1094C000C525002001A30000E58A0000322910B55F
:1094D00021D004D823292ED02F2921D01EE05429B1
:1094E00004D0562915D0532918D139E0FDF74CFE88
:1094F0001D4B01241C701D4B00221A70F8F7D6FA80
:109500001B4B1B780BB1392000E02820F7F7B4FB88
:1095100026E0184810BD184B187840B1002010BD47
:10952000154B1B78002BF9D102F036F8F5E70F4BFD
:1095300001221A7010BD0D4B1B789BB1FDF724FE64
:1095400002F034F828B102F027F880F00100C0B230
:1095500000E00120094B00F001001870084810BD20
:10956000012010BD074810BD4D25002071250020A9
:10957000AD2E00207D870000752E0020C52500201F
:1095800045880000E589000070B5456A0646234815
:109590000C46F8F7DFFDF9F7C3F8F8F7C3FD2048EC
:1095A000F8F7D8FD2046F8F7BDFD1E48F8F7D2FDC4
:1095B000532C18D002D8292C1CD024E0542C06D0CF
:1095C000562C20D11848F8F7C5FD184C23E02DB1D2
:1095D0002C681CB11648F8F7BDFD1CE01548F8F7DB
:1095E000B9FD154C17E01548F8F7B4FD85B133689F
:1095F0002B600DE01248F8F7ADFDF7F721FB48B1FD
:10960000F7F726FB06E00F48F8F7A4FD002402E078
:10961000012400E00C4C204670BD00BFB46B01007B
:10962000C06B01009B4B0100DF6B0100A19D00009E
:10963000CA6B0100D16B0100E9A10000D86B0100E9
:10964000E66B0100ED6B01004D960000362938B540
:1096500000F0908011D82A2945D007D81E294CD077
:1096600025296CD0042940F0838068E032293AD063
:10967000332964D02F297BD135E04D2976D006D807
:1096800049294BD04A2942D0382971D159E054296F
:109690000CD0562978D053296AD13E4803F0B2FF46
:1096A000F7F752FD042001F07BFB46E03A4B002225
:1096B00005201A7001F074FB042002F073FCF7F728
:1096C000A9FCFDF761FD3348344B036003F05EFFF6
:1096D000334840F67233036003F058FF03F050FF45
:1096E000304B186029E003F04BFF2E4B40F67232EE
:1096F0001B68C01A904249DC3AE003F041FF294B55
:1097000040F672321B68C01A904241DC30E0012002
:10971000F7F7EEFC224803F075FF29E0224B002406
:109720001C70F7F773FAF7F70FFD204B0320214663
:109730001A78F7F7C3FCF7F7E7FB012038BD1C48A0
:1097400038BD194D1B4803F05DFF2C7844B9F7F77D
:109750006DFAF7F715FDF7F757FA01232B7007E0BD
:10976000F7F7F2FB0120F7F7C3FC01E0F7F75EFA29
:10977000002038BD0F4C204603F044FFF52320465F
:10978000236003F003FFF3E70B4838BD0B4838BDF7
:109790000B4838BD780B0020CF2E0020D2F00800F7
:1097A000E80B0020B02500206B250020602500205C
:1097B000C5A00000C40B0020A19D000089950000F9
:1097C00045A00000542906D056291DD0B1F15303FD
:1097D0005842584170470D4B0D491A780D4B53F8BC
:1097E000223031F81220B3FBF2F102FB11324AB9F8
:1097F000094A1278042A05D0084A0948002B18BFE4
:10980000104670470648704706487047602500209C
:10981000D40C002050250020A42E0020E587000055
:1098200011A700007D870000532908B517D004D880
:109830001D291BD0202917D003E0542903D0562915
:109840001FD0002008BD012001F0AAFAF8F70AFC99
:109850000D4B0E4A00280CBF1046184608BD0020CC
:1098600001F09EFA012008BD094808BD022002F05F
:1098700099FB084B01221A70074B00221A60074817
:1098800008BD074808BD00BF2587000051870000BC
:10989000A5980000742E0020B02E0020799A0000B8
:1098A00075AA0000532908B520D004D81D2911D06D
:1098B0001F2919D003E0542903D0562908D00020CD
:1098C00008BD02F0B1FC03F0C7F803F083FB0DE024
:1098D000074808BDF8F7CCFB20B1022002F062FB7C
:1098E000044808BD044808BD044808BD012008BD5F
:1098F00075AA0000799A0000D59900002998000007
:10990000532908B511D002D8332916D003E05429C1
:1099100003D0562913D0002008BD0A4841F2143361
:10992000036003F033FE0A2003E0064803F06AFEFA
:10993000042001F035FA012008BD034808BD0348A2
:1099400008BD00BFBC0C002075AA0000799A000079
:10995000332908B516D006D82F2929D0322927D087
:109960002A290DD124E0542904D056291ED0532988
:1099700006D116E00F4B10481B68036003F006FE8B
:10998000002008BD0D4B187898B10D4B18780023B6
:1099900078B10C4A13700C4A136053609360D36023
:1099A00006E0054803F02EFE012008BD074808BD6B
:1099B000074808BDA82E0020340C0020752E00207A
:1099C000902E002060250020502500207D8700007B
:1099D00035A80000382910B530D004D81F2929D067
:1099E000332929D005E0542905D0562935D05329EB
:1099F0000DD0002432E01A4841F21433036003F022
:109A0000C5FD184B1879F8F70FFC02200EE0144C36
:109A1000204603F0F7FD2079124CF8F71FFC204692
:109A200003F0F0FD2079F8F719FC002001F0B8F9F7
:109A3000012413E00C4C11E00C4C0FE0F8F718FB7C
:109A400020B1022002F0AEFA094C00E001240548E2
:109A5000F623036003F09AFD00E0064C204610BD9B
:109A6000500C00201C0C002029980000A598000034
:109A7000799A000075AA00003D2908B534D002D8B3
:109A800000292CD003E0532925D0542901D00020EF
:109A900008BD042001F084F9144A00231370144A0D
:109AA00014481370144A06211370144A036013708B
:109AB000134A43601370134A836011805180918070
:109AC000C360D180FBF700FC18B10F48F8F742FBE8
:109AD00008E00E4808BDF7F747F8012008BD0C4B19
:109AE00001221A700B4808BD0B4808BD70250020E4
:109AF000C525002050250020612500204D2500208F
:109B00004C250020D40C0020F46B0100C59B000004
:109B1000B82E0020A19E00006D9B0000532908B5BF
:109B200015D002D8332917D003E0542903D0562981
:109B300014D0002008BD012001F032F9F7F714F825
:109B4000074841F21433036003F020FD02E00448AB
:109B500003F058FD012008BD024808BD024808BDB9
:109B6000A00B002075AA0000799A0000532908B5BF
:109B700015D004D83E2914D03F2910D015E054291F
:109B800002D0562915D010E0062001F009F9FBF7A4
:109B900097FB01460848FEF773FDFBF78BFB01209E
:109BA00008BDFBF78AFB054808BD0846FBF762FDC8
:109BB000F5E7034808BD00BF7425002075AA000022
:109BC000799A0000532908B51ED002D807290BD076
:109BD00003E0542903D0562904D0002008BDF6F72D
:109BE000A9FF11E00A4808BDF7F748F970B13D2117
:109BF000222003F0DDF8F7F781F9064B064A022828
:109C00000CBF1046184608BD012008BD034808BD1A
:109C1000799A0000A19D000095870000019900003D
:109C2000532910B51CD00ED8352921D0362926D17C
:109C3000154C204603F0E6FC41F213332046236026
:109C400003F0A4FC1BE0542902D0562919D016E0D9
:109C50000D4841F21333036003F098FC082003E041
:109C6000094803F0CFFC042001F09AF8012010BD50
:109C7000F7F744F90228054808BF002010BD00206E
:109C800010BD034810BD00BFD00B0020959C000004
:109C900095870000532910B514D004D8352918D061
:109CA00036291DD003E0542903D0562923D00020A3
:109CB00010BD124840F2A273036003F067FCF7F78F
:109CC00023F904E00D4803F09DFCF7F73DF901206E
:109CD00010BDF7F713F90228094818BF002010BD7E
:109CE000064C204603F08EFC40F2A273204623600F
:109CF00003F04CFCEBE7034810BD00BF800C0020D4
:109D0000219C000095870000322908B52BD009D886
:109D10001E2928D001D8042908E0252930D02F2970
:109D200021D009E0532919D002D8332928D003E0E3
:109D3000542903D0562925D0002008BD052001F064
:109D40002FF8042002F02EF903F01AFC0E4B1860D5
:109D50000E480F4B036003F019FC02E00B4803F0C0
:109D600051FC012008BD03F00BFC074B094A1B689E
:109D700040F67231C01A8842CCBF1046002008BDA0
:109D8000054808BD054808BDB8250020DC0C0020AA
:109D9000D2F0080045A00000C5A00000799A00009C
:109DA000332908B517D006D81E2914D0252924D068
:109DB000042924D121E0542905D0562909D053295A
:109DC0001DD1012008BD03F0DBFB0E4B18600E48CF
:109DD00008BD0E4808BD03F0D3FB0A4B1B68C01A30
:109DE000B0F5B76F0BDD092000F0DAFFF6F728FFBA
:109DF0000028074818BF022008BD064808BD0020FB
:109E000008BD00BFAC25002091A50000799A000094
:109E100045A00000B19F0000532907B523D002D808
:109E2000242928D003E0542903D0562928D0002023
:109E300027E0072000F0B4FF002302A921F8023D2B
:109E40002D2002F0E9FDBDF806102D20013189B268
:109E5000ADF8061002F0ACFF0B480C4B036003F0AA
:109E600095FB0B480DE0084803F0CCFB042000F004
:109E700097FF012005E0042000F092FF054800E074
:109E8000054803B05DF804FB280C0020D2F0080060
:109E900001A900004588000089950000000000002D
:109EA000532970B559D006D81E294FF0000361D050
:109EB00033295AD003E0542903D056295ED000201C
:109EC00070BD334C002321463420238002F0A4FDD2
:109ED000F6F74AFE2088264608B9062013E0012836
:109EE00001D10A2014E0022801D1062010E0032845
:109EF0000ED0042801D10B200AE043F23903984226
:109F00004FF0090004D100F04BFF0024214D03E085
:109F100000F046FF204D0024328843F239039A4274
:109F200002D0002002F03EF843F23901342002F062
:109F30003FFF13A3D3E900232046294603F02AFE5E
:109F400011A3D3E9002303F073FC04F0BDF8134E12
:109F50003060304603F01AFB05E0114B00220F4839
:109F60001A7003F04FFB012070BD0D4A1370084AB0
:109F7000138001E00A4A13700A4870BD0A4870BD98
:109F80000000000080848E40E90B21E7FDFFEF3FD9
:109F9000C22500200000F03F00002440C80C002033
:109FA000B82E002075AA0000799A0000AFF3008057
:109FB00007B500235329ADF806302FD004D829293E
:109FC00026D02C2924D003E0542903D056291DD0B3
:109FD000002028E034200DF1060102F01DFDBDF83F
:109FE0000600012801D10A2002E0032818BF092039
:109FF00000F0D6FE0D4B1B7893B90D4B0D4A187827
:10A000000D4B00280CBF104618460CE00B480AE028
:10A01000F6F716FE30B1F6F71BFE03E0012002E072
:10A02000054800E0064803B05DF804FB4D2500201C
:10A030006825002059A10000C9A30000799A0000FA
:10A04000C5A000002C2908B520D006D8252923D08A
:10A0500029291BD0042906D11EE0542905D05629F0
:10A0600012D053291AD0002008BD092000F098FE14
:10A070000D4B1B78A3B90D4B0D4A18780D4B0028DA
:10A080000CBF1046184608BD0B4808BDF6F7D8FDB2
:10A0900040B1F6F7DDFD05E0084808BD012008BD28
:10A0A000044808BD064808BD4D250020682500204D
:10A0B000A9A4000039A40000799A0000B19F000013
:10A0C000099D000013B553294FF00004ADF8064078
:10A0D00025D002D8332934D003E0542903D056299F
:10A0E00031D0002030E034200DF1060102F094FC64
:10A0F000BDF80600012801D10A2002E0032818BF9C
:10A10000052000F04DFE4720F8F78EF8F6F72CFDFD
:10A110000E4842F22763036003F038FA0FE00B4861
:10A1200003F070FA43F23901342002F041FE204678
:10A1300001F0C4FF012002F0C9F801F0F5FA012096
:10A1400002E0034800E0034802B010BD940B002079
:10A1500075AA0000799A0000532907B519D004D8D0
:10A1600023292FD038292DD00DE0542902D056298B
:10A170002DD008E0184B1B783BB1184840F67233DD
:10A18000036003F003FA002022E00120F6F774FDDB
:10A1900016E0002302A921F8023D342002F03CFC25
:10A1A000BDF8063023B9342043F2390102F000FE35
:10A1B000002001F083FF012002F088F801F0B4FADA
:10A1C000012005E04620F8F72FF8054800E0054893
:10A1D00003B05DF804FB00BF4C250020100C0020EC
:10A1E0001D9B0000B19F0000532908B517D002D86D
:10A1F00023290FD003E0542903D0562908D000208A
:10A2000008BD084B002202201A70F6F735FD06E063
:10A21000054808BD054B00221A70054808BD0120FD
:10A2200008BD00BF60250020899500006D25002035
:10A23000E58A0000322910B522D006D82A291FD07D
:10A240002F291DD023291DD005E0542905D05629DA
:10A2500014D0532918D0002010BD0C4B1C78022CB0
:10A2600006D0032C06D0012C14BF2A202B2002E09C
:10A270002C2000E02D20F6F7FFFC05E0044810BD7F
:10A28000044810BD044810BD012010BD6025002009
:10A290007D87000045880000E58A00002C2908B56C
:10A2A00013D004D8232914D0292910D005E054292B
:10A2B00005D0562907D0532914D0002008BD2920E5
:10A2C000F6F7DAFC0EE0084808BD084808BD084863
:10A2D00008BD084B084A1878084B00280CBF1046E8
:10A2E000184608BD012008BD199E0000F58F00002A
:10A2F000E1A900004E250020518D0000F5910000DD
:10A30000382910B534D006D82F2939D032293BD07E
:10A31000232933D13CE0542904D0562926D053298F
:10A320002CD13DE01F4B00221F481A7040F2E91368
:10A33000036003F02BF91D4B1B780BB1482012E092
:10A340001B4B1B780BB14D200DE01A4B1C78022CD7
:10A3500006D0032C06D0012C14BF0320042002E0F9
:10A36000052000E00220F6F787FC19E0124810BD36
:10A370000D4803F047F90B4B01221A70002010BD65
:10A38000084B1A780D4BF8E7064B1A780C4BF4E79C
:10A39000084B0C481A78013202F003021A7010BD03
:10A3A000012010BD6A250020DC0B00206C2E00204F
:10A3B000CF2E0020602500207D870000482500204A
:10A3C00062250020E58A0000532910B525D002D867
:10A3D00023291DD003E0542903D0562916D000208C
:10A3E00010BD0F4B1A781C46032A01D9F7F7A6FEB9
:10A3F000FCF7CAFEF9F744FD0A4A2378127803EB0A
:10A400008203094AD05CF6F737FC06E0074810BD26
:10A41000074B00221A70074810BD012010BD00BF75
:10A4200060250020AD2E00208B6B0100B19F000045
:10A430004D25002059A10000532910B525D002D880
:10A4400023291DD003E0542903D0562916D000201B
:10A4500010BD0F4B1A781C46032A01D9F7F76EFE80
:10A46000FCF792FEF9F70CFD0A4A2378127803EB09
:10A470008203094AD05CF6F7FFFB06E0074810BDEF
:10A48000074B00221A70074810BD012010BD00BF05
:10A4900060250020AD2E0020776B010045A0000054
:10A4A0004D250020A9A40000532910B53BD004D8A5
:10A4B00023294BD0382949D003E0542903D0562909
:10A4C00049D0002010BD284B1B7833B1274840F6F7
:10A4D0007233036003F05AF823E0254B1B78EBB18D
:10A4E000244B1C78D4B92448F7F734FE03F048F81D
:10A4F00003F0EAFA1AA3D3E9002303F075FC03F092
:10A50000E3FD00B2F7F70EFE1C48F7F723FE2046E6
:10A51000012101F045FF1A48F7F71CFE0120F6F76C
:10A52000ABFB012010BD114803F06CF843F2390178
:10A53000342002F03DFC002001F0C0FD012001F0BC
:10A54000C5FE01F071FE01F0EFF8EAE74620F7F7EB
:10A550006BFE0C4810BD0C4810BD00BFAFF300806F
:10A560000000000080848E404C250020B80B0020A5
:10A57000752E0020902E002069F10000FF4101009F
:10A580009B4B010075AA000045A00000AFF30080BE
:10A59000532970B517D004D8362918D0382923D0BC
:10A5A0000FE0542902D0562952D00AE02A4B01224A
:10A5B0001A70F6F7A9FC294840F2D133036002F083
:10A5C000E5FF002070BD254803F01CF8F9E7234C97
:10A5D000204603F017F8F6F791FC02283AD040F233
:10A5E000A27323602046EAE7F6F788FC02281A4B9C
:10A5F00001D11A782ABB1C7854B1174B00221A706B
:10A60000F6F7A2FCF6F7C4FA144840F2D13313E08F
:10A610002546EEB23046FCF7C7FE30B13046FCF7B7
:10A62000ADFE012818BF012400E001240135062DEC
:10A63000EFD144B109486223036002F0A7FF012073
:10A6400002E0074800E00748074B00221A7070BD7F
:10A65000064870BD024870BD4C0C0020040C002060
:10A6600095870000E9A10000842E0020A19D000034
:10A67000342910B521D004D8232933D02C291AD05D
:10A6800005E0542905D0562930D053290DD000209B
:10A6900010BD174B17481B680124036002F076FFBA
:10A6A000154B1C70FCF7C2FC05E0124802F0AAFF33
:10A6B000124B00221A70012010BDFCF765FD00F05E
:10A6C00075FF28B100F068FF80F00100C0B200E023
:10A6D00001200B4B00F0010018700A4B01221A7088
:10A6E000094810BD034802F08DFFE4E7074810BD9C
:10A6F000942E00208C0C002068250020CF2E0020F6
:10A70000C52500204D25002045880000E589000072
:10A71000532908B52CD002D8232933D003E054297B
:10A7200003D0562945D0002008BD0020F6F7E0FCF4
:10A73000214B01211970214B21481A78017002FA2E
:10A7400001F1204B032053F822300A44B3FBF0F010
:10A7500000EB4000022BC0EB0303134494BF1A4AE2
:10A760001A4AD05CF6F788FA194B0120187008BD18
:10A770004920F7F773FDF6F7E7FC0F4B00221A703C
:10A78000012008BD012001F00DFC0C4B1A780D4B87
:10A7900053F82210013143F82210F6F7D5FC492076
:10A7A000F7F75CFD044A00231370054A094813704B
:10A7B00008BD094808BD00BF772E00206025002095
:10A7C000D12E0020502500207F6B0100936B0100EB
:10A7D0004D250020CD940000C5970000532908B5F1
:10A7E0001DD004D8232913D02C2918D003E05429D4
:10A7F00003D056290AD0002008BDFCF7C5FC4A202A
:10A80000F6F73AFA074B00221A7008E0064808BD2E
:10A81000F6F7F6F9054B01221A70054808BD01202C
:10A8200008BD00BF6D2500207D8700004C2500205D
:10A8300051990000382908B544D004D8072910D010
:10A8400023293DD00BE0542904D0562947D0532961
:10A8500005D12DE0F6F76EF9224B01221A70002087
:10A8600008BDF6F74BFB022815D01F4B00221A70CB
:10A87000F6F798F91D4B1B78022B08D0032B08D054
:10A88000012B14BF02200320F6F7F6F90CE0042098
:10A89000FAE70520F8E7082000F082FA144841F2B0
:10A8A0001333036002F072FE0E4B00221A7005E0B3
:10A8B0000C4B00220E481A7002F0A4FE012008BDC5
:10A8C0000C4808BD042000F06BFA094802F09AFE1B
:10A8D000F6F796F9044B01221A70074808BD07489D
:10A8E00008BD00BF842E00204C25002060250020DC
:10A8F000AC0B0020E58A0000519900007D87000024
:10A900002C2910B55BD009D823293ED003D81D3996
:10A91000012954D90CE02A2951D009E053294ED0FD
:10A9200002D8382937D003E0542903D056292AD039
:10A93000002010BD234B1B780BB3FCF725FCF9F767
:10A940009FFA214B1A78214B022A1B780DD0032A3B
:10A9500010D0012A04D00BB1352011E006200FE001
:10A960000BB136200CE007200AE00BB1372007E0DE
:10A97000082005E00BB1382002E0092000E0272084
:10A98000F6F77AF91BE0124810BD1248F523036070
:10A9900002F0FCFD13E00B4B1A783AB100241C7056
:10A9A000FCF7F2FB2720F6F767F9C1E70A4B012213
:10A9B0001A70FCF73BFBF6F7D7FA084810BD0120E8
:10A9C00010BD00BF4D25002060250020AD2E0020C9
:10A9D000199E0000840B0020900B0020518D000078
:10A9E0004D2910B533D007D8362926D0382932D092
:10A9F0002C292ED11A4810BD54290DD056292CD0FF
:10AA0000532926D1174802F0FDFDF6F70FF9F6F7A6
:10AA1000B7FBF6F799FA0EE0F6F7F8F8124B0420B8
:10AA20001A780121F6F74AFBF6F76EFA0D48F5237E
:10AA3000036002F0ABFD012010BD0A4C204602F07D
:10AA4000E1FDF5232046236002F0A0FD01E0F6F7CA
:10AA5000EDF8002010BD054810BD054810BD00BF31
:10AA6000F58F0000740C0020602500209DA20000DE
:10AA7000199E000008B50C4B01205329187011D005
:10AA8000542904D009483D2918BF002008BD0020E2
:10AA900000F086F9F7F7E4FA054B064A00280CBFE8
:10AAA0001046184608BD00BF842E00206D9B000094
:10AAB00029980000A5980000194B4EF2E24210B50B
:10AAC0001A60184A184B194C1A60194B02F5CD122E
:10AAD00002F5A4721A60174A00231370164A2370F5
:10AAE000137000F0DFFF18B10123237013490BE04E
:10AAF00002F078FA38B1F7F7BBFA114B1149002888
:10AB000018BF194600E010491048114AFDF78EFDA4
:10AB1000104A00231370104A0120137010BD00BFAB
:10AB2000C02E00202D310100942E0020B82E0020D0
:10AB3000A82E0020602500204D250020A19E0000A9
:10AB4000799A0000D599000029980000742500200A
:10AB500064250020D12E0020912E002001460148BE
:10AB6000FDF7B1BD74250020024B1A78024B53F853
:10AB7000220070476025002050250020014B1878E6
:10AB8000704700BF60250020014B1878704700BF58
:10AB900068250020534B1978A9B1534B1A78534BB1
:10ABA00012B91A7801321A701A78022A02D94F4A59
:10ABB000002111701B78002B66D0012B40F08180A2
:10ABC0000823042262E04A4B1B780B2B13D1464B1F
:10ABD0001A78464B12B91A7801321A701A78022A7A
:10ABE00002D9424A002111701B78002B4CD0012B56
:10ABF000E6D0002366E0062B31D0032B2FD0002BAC
:10AC000063D03C4B93F90020002A5DDB3A4B042AC9
:10AC100020D8DFE802F0030A10151A001A78012A7A
:10AC200018BF01221CD1002330E01B7813F1FF3341
:10AC300018BF012329E01B78012B48D0032346E0ED
:10AC40001B78012B45D0072344E01B78012B43D010
:10AC50000F2342E01B78012B41D01F2340E01F222D
:10AC6000264B197821F01F0111431970597821F0F2
:10AC70001F015970997821F01F010A439A70DA7800
:10AC800022F01F02DA7016E0022301221B49087825
:10AC900020F01F0010430870487820F01F00024386
:10ACA0004A708A7822F01F021A438A70CA7822F00A
:10ACB0001F021343CB700C4B104A1B78D05C00F082
:10ACC0000DBF1F231022E1E70B461A46DEE70322E1
:10ACD000DCE703230722D9E707230F22D6E70F2358
:10ACE0001F22D3E76C2E0020D7250020F60C002071
:10ACF000D6250020F40C0020D8250020D2250020E5
:10AD00000E4A08B5002313700D4AFF2113700D4A37
:10AD100011700D4A13700D4A137053709370D370F5
:10AD200002F02EFC0A4BA33018601879F7F77CFA72
:10AD30000220042102F064FA012008BDD62500207B
:10AD4000D8250020F40C0020D7250020D225002093
:10AD5000E80C0020052810B5044601DDF7F7EEF9F0
:10AD6000054B93F90020A24204D01C70BDE81040AE
:10AD7000FFF710BF10BD00BFF40C0020022810B573
:10AD8000044601D9F7F7DAF9044B1A78A24204D045
:10AD90001C70BDE81040FFF7FDBE10BDD825002097
:10ADA0005D4B70B51B785D4A002B00F0B0801178C8
:10ADB000002481F001015A4D2E78864200D013B153
:10ADC000E40740F184805749002413700C70287008
:10ADD00022460B2800F29780DFE800F00606060600
:10ADE0000F283D415A746D064F4B1A7822F06002CD
:10ADF0001A705A7822F0600224E04B4B1A7822F045
:10AE0000600242F040021A705A7822F0600242F06A
:10AE100040025A709A7822F0600242F040029A7022
:10AE2000DA7822F0600242F040026BE03E4B1A7882
:10AE300022F0600242F040021A705A7822F060025A
:10AE400042F040025A709A7822F060029A70DA78E2
:10AE500022F0600256E0344B7F2119702FE0324B14
:10AE60001A7822F0600242F060021A705A7822F0DA
:10AE7000600242F060025A709A7822F0600242F05A
:10AE800060029A70DA7822F0600242F0600239E0E3
:10AE9000254B1A7822F0600242F060021A705A784C
:10AEA00022F0600242F040025A709A7822F060026A
:10AEB00042F06002B3E71C4B4021197020225A7007
:10AEC00099701FE0194A01230B7013701BE0C9072A
:10AED00020D51370144B1A7822F0600242F0400221
:10AEE0001A705A7822F0600242F020025A709A7862
:10AEF00022F0600242F040029A70DA7822F060029A
:10AF000042F02002DA70BDE87040FFF743BE1478CB
:10AF1000194650E770BD00BF6C2E0020B72E0020F0
:10AF2000D6250020D1250020D2250020F50C0020B8
:10AF3000164A174B117889B1197821F06001197000
:10AF4000597821F060015970997821F06001997069
:10AF5000D97821F06001D970002314E0197821F02C
:10AF6000600141F040011970597821F06001597079
:10AF7000997821F0600141F040019970D97821F071
:10AF80006001D97001231370704700BFF50C0020D9
:10AF9000D225002010B5144B1A781C460132D2B2CB
:10AFA000032A1A7006D900232370104B1B780BB1AB
:10AFB000FFF7BEFF23780E4AD05C00F08FFD0D4BEB
:10AFC0001B781BB90C4B1B780B2B01D1FFF7E2FD53
:10AFD0000A48A323036002F0D9FABDE8104002201A
:10AFE000042102F00DB900BFD7250020D125002093
:10AFF000D22500206C2E0020D6250020E80C002051
:10B00000044B18780738C0B201288CBF00200120FB
:10B01000704700BFD625002008B5104B09221A70D2
:10B0200002F0AEFA0E4B186072B60E4B1A68511C45
:10B030001CBF01321A600C4A1B68116841F0807114
:10B04000116023B1074A013B136003B962B60120C6
:10B05000032102F0D5F8012008BD00BFF70C002045
:10B06000F80C002018280020D42E00200F4BD3F815
:10B070008820110712D50E4A92F8201071B1528C17
:10B0800092060BD42022DA67D3F88820D3F88820E0
:10B09000D3F88820D3F888309B0605D4034B2022B0
:10B0A000C3F88020002070470120704700600040F6
:10B0B000DA250020024B2022C3F88020704700BF11
:10B0C00000600040082810B5044601D9F7F736F8AB
:10B0D000044B13F8240010B103EB8404608800B221
:10B0E00010BD00BFDA25002010B501F0ABFFB0B1F4
:10B0F000114C124A237816200133DBB2082B88BF8B
:10B10000002323702378D15C01F0A4FF22780C4B3C
:10B1100013F8221021B1013903F8221000E001BE1A
:10B1200008483123036002F031FABDE810400120E5
:10B13000032102F065B800BFF70C00201D6C010070
:10B14000DA250020F80C002038B50A4B1A781D4685
:10B15000082A01D9F6F7F2FF074C287804EB8000A3
:10B16000023001F0C5FF20B1024B05221B7804F824
:10B17000232038BDF70C0020DA25002072B6044BDE
:10B180001A68511C1CBF01321A601868704700BF52
:10B1900018280020034B186818B10138186000B94E
:10B1A00062B67047182800200A4A08B500231370B9
:10B1B000094A0A4813700A4A13700A4A13700B238B
:10B1C000036002F0E3F90320014602F019F80120C0
:10B1D00008BD00BFCE2E00206C2E0020100D0020D8
:10B1E000B72E0020D02E002070B502F0C9F9A74C70
:10B1F0002060FCF7F3FCA64B30B1A64A206811682A
:10B2000008441968411A116022681A60A24B196833
:10B210001E46521AB2F5747F1BDBA04B1B78B3B1EC
:10B220009F48F6F797FF994B4FF47475186890FB99
:10B23000F5F0F6F743FF9B48F6F78CFF954B18683F
:10B2400090FBF5F0F6F73AFF9748F6F783FF226890
:10B250003260964B5A6E964BC2F38012197842EACE
:10B260004102D2B21A70934B4AB31A78FF2A27D000
:10B2700001329149D2B21A700B784BB100230B7096
:10B28000FFF77CFF8D4B5A6842F400425A6013E08E
:10B29000122A08D18A4A1370FFF770FF874B1A6889
:10B2A00042F0005207E05A2A0AD1FFF767FF834BAA
:10B2B0001A6842F080421A60FFF76CFF00E01A70D3
:10B2C0007A4B804ADB691178C3F3C00343EA410338
:10B2D000DBB2012B137013D1774B784C1A783AB14B
:10B2E00000221A70FFF74AFF636843F4004304E04A
:10B2F000FFF744FF636843F480636360FFF74AFF2E
:10B300006A4A714CD369D269C3F3401382F01002C8
:10B31000C2F3001253406D4A117843EA4103DBB295
:10B3200013F00F0F1370237810D0592B1CD8013352
:10B33000DBB25A2B237017D1FFF720FF5F4B5A68FF
:10B3400042F400525A60FFF725FF0DE063B1592B1C
:10B3500008D9FFF713FF594B5A6842F480425A60EC
:10B36000FFF718FF00232370504B594ADB6911780F
:10B3700083F02003C3F3401343EA4103DBB2012B04
:10B38000137010D12378592B0DD94B4B4B4C1A7895
:10B390000AB100221A70FFF7F1FE636843F400431C
:10B3A0006360FFF7F7FE414A4A4CD369D269C3F3A1
:10B3B000402382F48072C2F300225340464A11783F
:10B3C00043EA4103DBB213F00F0F1370237810D060
:10B3D000592B1CD80133DBB25A2B237017D1FFF73E
:10B3E000CDFE364B5A6842F480325A60FFF7D2FEE7
:10B3F0000DE063B1592B08D9FFF7C0FE2F4B5A68F7
:10B4000042F400325A60FFF7C5FE00232370274B39
:10B41000324ADB69117883F40073C3F3402343EAB3
:10B420004103DBB2012B137016D12378592B13D9AA
:10B43000214B224C1A783AB100221A70FFF79EFE77
:10B44000636843F4004304E0FFF798FE636843F445
:10B4500080236360FFF79EFE144B214ADB6911785D
:10B46000C3F3801343EA4103DBB2137003F00F030D
:10B47000072B41D1104B114C1A789AB300221A7045
:10B48000FFF77CFE636843F4004333E0200D0020A7
:10B490000C260020042600200C0D0020D02E0020B9
:10B4A000266C0100FF410100464C01000060004095
:10B4B000FE2500201D0D00206C2E0020D42E002023
:10B4C000852E0020040D002000260020080D0020FD
:10B4D000050D0020082600201C0D0020060D002070
:10B4E000070D0020214B01221A70FFF747FE636809
:10B4F00043F4805363600BE00E2B0BD11B4B0022F7
:10B500001A70FFF73BFE1A4B5A6842F400625A6009
:10B51000FFF740FE174B184AD3F888301178C3F371
:10B52000C00343EA4103DBB27F2B137007D1FFF75F
:10B5300025FE0F4B1A6842F000421A6008E0802B8B
:10B5400008D1FFF71BFE0A4B5A6842F001025A600D
:10B55000FFF720FE09480B23036002F017F8BDE84F
:10B5600070400320014601F04BBE00BFCE2E0020EC
:10B57000D42E002000600040FF250020100D002088
:10B58000044B187800F07F00B0F17F035842584117
:10B59000704700BFFF250020034B1878592894BF3F
:10B5A00000200120704700BF08260020034B1878B8
:10B5B000592894BF00200120704700BF00260020BA
:10B5C0000F4B01201A6C4FF4802142F006021A64DE
:10B5D0000C229A62186600221867A3F588231A6065
:10B5E00044F27042DA60E5225A6040F2F9725A631E
:10B5F00040F203225A65034A116004229A6370479D
:10B6000000800C4000E100E00D4B19885A8889B297
:10B6100092B28A1A92B2FF2A08D81A88D2B21A4471
:10B6200010711A8892B2013292B21A80054A40F221
:10B63000FD73916B0B4043F002039363704700BFAF
:10B6400010260020004008400A4B19885A8889B209
:10B6500092B291420AD05A88D2B21A4410795A88CA
:10B66000C0B292B2013292B25A8001E04FF6FF703E
:10B6700000B2704714270020274BDA6A52071BD507
:10B680009A68900618D5D969244B18885A8880B2D0
:10B6900092B2821A92B2FF2A09D81A88C9B2D2B2DB
:10B6A0001A4411711A8892B2013292B21A801C4B5C
:10B6B0005A6842F000625A60174AD36A99072AD53D
:10B6C0009368DB0627D5174B1888598880B289B252
:10B6D000884216D019885A8889B292B291420AD00B
:10B6E0005A88D2B21A4412795988D2B289B2013139
:10B6F00089B2598001E04FF6FF72074B12B29A628D
:10B700007047916B40F2FD730B409363044B5A6892
:10B7100042F080525A6070470040084014270020D1
:10B72000D42E00201026002072B6034A034BDA60A4
:10B7300001BE30BFFCE700BF0400FA0500ED00E0E9
:10B7400007B572B6424C23685A1C1CBF01332360F4
:10B75000404B1B681B0E10D13F4B1A6822F0700241
:10B760001A60A3F57F532C3B1A6822F060421A60DE
:10B770001A6862F060621A6001E0032B0BD8374B45
:10B780001A6822F4FC521A60354A00231360536091
:10B7900093611362936301A8F5F78EF99DF8053064
:10B7A000012B0FD19DF804302BB92D4B1A6842F0B4
:10B7B00002021A6001E0012B04D82A4B1A6842F0F9
:10B7C00001021A60284B1A68284B9A4220D8254B50
:10B7D0001A6842F490421A60254A10681168166887
:10B7E000156806F4FE4205F07F052A4301F07F014B
:10B7F00042EA0141C0F306201E4A41EA006111609D
:10B800001D4A11681D4A11601A6822F490421A609C
:10B8100001210A460220F4F7C5FD01200421F4F7B6
:10B82000F3FD00210A460320F4F7BCFD01F0E0FF20
:10B83000F6F77AFD08B9FFF777FF236823B1044ACA
:10B84000013B136003B962B6F6F73AFDFCE700BFAF
:10B8500018280020FC81E00F0CA00C4020600C4058
:10B8600040800C4044800C40F081E00FFFB98A4CCE
:10B87000B481E00F34200040C881E00F2C4000402C
:10B8800072B6034B4FF480621A6130BFFDE700BF10
:10B890000060004073B572B6724B4FF080415A6C35
:10B8A000D02042F480525A64A3F5422340F235324C
:10B8B000DA606D4A6D4C5A606D4A6E4D9A60002296
:10B8C0001A6399626C49D9620A2159656B49D96436
:10B8D0004FF0443119650121D966986768481867A7
:10B8E00059674FF44841C3F89C106649C3F8942047
:10B8F000C3F898101621C3F8C0106349C3F8B810F4
:10B90000C3F8BC2022780132D2B202F0030103292D
:10B9100008BF4FF48061227008BF99655B4B01211D
:10B920005868996010EA01064FF0000369626B6283
:10B9300004D023701E236370E12338E000F043033A
:10B94000022B03D000F01F03042B02D1062000219C
:10B9500027E000F01303102B0CD16378434D352BF7
:10B9600010D0022000F0B0FD60B1082031462A78E6
:10B9700033460DE000F05F00402810D163783B4D66
:10B98000352B03D14D236B7002B070BD09203346B7
:10B9900000F032FA1E236B70D423AB7008E009204C
:10B9A00031460B4600F028FA1E236370D423A3709F
:10B9B00063781E2B53D1364A002336498A4209D276
:10B9C00003F11A4303F5A10303F52A53333342F875
:10B9D000043BF2E72E4A00238A420FD203F11A43B6
:10B9E00003F5A103106803F52A53333398421CBFB3
:10B9F0002B206070D84342F8040BEDE7264B244A15
:10BA00008A4210D21068984203F1CB4318BF2B2012
:10BA100003F53D1318BF607003F5AA53002042F8E8
:10BA2000040B0D33ECE763781E2B0AD14FF0FF3384
:10BA30001A491B4A01930198521AF6F72DFB0190FF
:10BA4000019B6278094B1E2A02D135225A7006E00A
:10BA50001A78632A03D900221A70FFF711FFFFF743
:10BA600063FE00BF00800C40433111030000002042
:10BA70001104004000600C400440040014144443CE
:10BA800044345188441444343343410000A00C40F2
:10BA9000E0000020004000204C55AF650000000091
:10BAA000407F0100024B9878E13818BF01207047B1
:10BAB000000000201EF0040F0CBFEFF30880EFF32E
:10BAC000098000F000B801BEFEE70000024B4FF411
:10BAD000FE42DA65012070470060004000F07F02FE
:10BAE000C043044B00F07F00120200029A65D86543
:10BAF000704700BF0060004072B6044B1A68511CCA
:10BB00001CBF01321A601868704700BF1828002057
:10BB1000034B186818B10138186000B962B6704755
:10BB200018280020074A0001131811585A68C94301
:10BB30004A40197AD8684A40597A4A40831A58428A
:10BB40005841704704000020064A0001131811589C
:10BB50005A68C9434A40197A4A40597A4A40DA60D9
:10BB6000704700BF04000020052870B5044601D9C5
:10BB7000F6F7E4FA174D0C2303FB04535A6C196CC7
:10BB8000D243914225D193F8482012B3124A02EBD6
:10BB90004400407816463D2803D0090C01F008F90E
:10BBA00007E0B1F5803F04D34FF6FF721A640B4AE9
:10BBB0005A640C2303FB045516F81400B5F8401022
:10BBC00001F0F6F82046296C01F01AFC002385F8F4
:10BBD000483070BD04000020C06C01000000FFFF71
:10BBE0007C4A2DE9F3470027B2F800E07A4E3B4645
:10BBF0008024944600210A46DFF8F88101EB03090E
:10BC000008EB491900254FF0010A59F805000435E1
:10BC1000013018BF4FF0000A202DF6D10131BAF1E2
:10BC2000000F00D18AB21029E6D1511E89B20F2926
:10BC300004D802EB030E1FFA8EFE00E012B1802C36
:10BC400008BF9CB210333A44802B92B201D0174601
:10BC5000D0E7802C614D08BF0023328002F1020240
:10BC60002C8008BF2B807F2AACF800E017D9FFF7A3
:10BC700043FF2888594C000908EB402002F0C4FD1E
:10BC80000546FFF745FF55B9238810339BB27F2B3C
:10BC900098BF2380338888BF2580103B338001F014
:10BCA000E7FB4F4C00254F4F6E00BA195078002328
:10BCB0003D2844F8083C13D00DF10601ADF80630DC
:10BCC00000F0AAFE38B9284601F0A0FB44F8080CA1
:10BCD00001F0F8FB15E0BDF806301B0444F8083C01
:10BCE0000023B85D0DF10601ADF8063000F094FEBA
:10BCF0000028E8D054F8083CBDF80620134444F866
:10BD0000083C54F8083C2846DB4344F8043C002334
:10BD1000237001F07BFB54F8081C884202D02846AF
:10BD200001F06EFB0135062D04F10C04BBD12E4C45
:10BD300000252E4F6E00BB19587800223C285FFA70
:10BD400085F844F8092C13D80DF10601ADF806204A
:10BD500000F062FE38B9284601F066FB44F8090C91
:10BD600001F0B8FB15E0BDF806301B0444F8093CAF
:10BD70000023B85D0DF10601ADF8063000F04CFE71
:10BD80000028E8D054F8093CBDF80620134444F8D4
:10BD9000093C0023237004F8013C4046FFF7D4FE21
:10BDA000284601F041FB54F8091C884202D028467D
:10BDB00001F032FB0135042D04F11004B9D10C4B14
:10BDC00000220120C3F88820C3F8AC2002B0BDE8EF
:10BDD000F08700BF342800203628002020280020CB
:10BDE0004C000020C06C01000D000020F46C01002C
:10BDF0000400002000C00100F8B504460E461746B6
:10BE00001D46002B40F08580474BA3F88C00474827
:10BE1000C3F8A410A3F89020F6F79CF94448F6F76D
:10BE200099F92046F6F74AF90E2C01D9414805E068
:10BE30004148F6F78FF9414B53F82400F6F78AF999
:10BE40003046F6F73BF91C2E08D80E2C06D03A489F
:10BE5000F6F780F93A4B53F8260000E034480B3CE3
:10BE6000F6F778F9E4B23846F6F728F9032C08D843
:10BE7000052F06D83048F6F76DF9324B53F82700F6
:10BE800000E03148F6F766F93048F6F763F9002D1F
:10BE900041D1E8B2FBF79CFA234C04EB4503013592
:10BEA000062DA3F89600F4D10020FFF70BF9054604
:10BEB0000120FFF707F92D0295FBF0F084F88E00C2
:10BEC0000320FFF7FFF844F2F833000290FBF3F091
:10BED00084F88F0001F054FB01F0F6FD10A3D3E9C4
:10BEE000002301F081FF02F017F9A36DA4F894007C
:10BEF00004F18C014FF0FF301C22A4F89230F6F7C9
:10BF0000CBF8134BC4F8A800C4F88830C4F8AC30A0
:10BF100001E0104880E70120F8BD00BFAFF30080CA
:10BF20000000000080848E4004000020FC6C0100B2
:10BF3000834601000D6D0100AF4C01006C700100E3
:10BF40004C6C0100346C0100176D01009B4B01002B
:10BF5000C33C5A5A206D0100052810B5044601D98A
:10BF6000F6F7ECF80E4A0C2303FB0423596CC84384
:10BF7000196C814204D1002119644FF0FF3103E0B4
:10BF8000012119646FF0010159640C2303FB0422A1
:10BF90000123204682F84830BDE81040FFF7E4BD99
:10BFA00004000020052838B5044601D9F6F7C6F884
:10BFB0000E480C2303FB04035A6C196CD543A942A9
:10BFC00003D101311964013A03E001221A646FF0D0
:10BFD00001025A640C2303FB0400012380F848305B
:10BFE0002046BDE83840FFF7BFBD00BF0400002079
:10BFF000032870B5044601D9F6F7A0F82046FFF7EC
:10C0000091FD78B1084E06EB04152B7A53B901F077
:10C01000B7FA012368602B722046FFF795FD034BAA
:10C02000C6F8AC3070BD00BF04000020C33C5A5AB3
:10C03000F8B501F0A5FA194C19496368194A1A4E66
:10C040000B60C31A10603360174630B3002B24DD39
:10C050002268164913448B4211D9154D00232946F5
:10C060003C202B8000F0D8FC29883C20013189B28B
:10C07000298000F09DFE32680E4B13443360236824
:10C0800032680020134423603B68636001232372FD
:10C09000FFF75AFD084BC4F8AC30F8BD040000208F
:10C0A000282800202428002038280020F8E40577DC
:10C0B0002C280020081BFA88C33C5A5A03282DE973
:10C0C000F041044601D9F6F739F82046FFF72AFD7A
:10C0D00000284DD0274D2601AF193B7A002B47D0C1
:10C0E00001F04EFA244B254A18607B681360244AFD
:10C0F000C31A1360904658B3002B29DDECB9AA5936
:10C10000204913448B4212D91F4F3C2039463C80B2
:10C1100000F082FC39883C20013189B2398000F07E
:10C1200047FED8F80020194B1344C8F800302B689C
:10C13000D8F8002013442B600AE04FF4747203F522
:10C14000F473B3FBF2F3124A1360AA591344AB51D0
:10C150002E4400233372012373722046FFF7F4FC50
:10C160000C4B2046C5F8AC30BDE8F04100F014B8E7
:10C17000BDE8F08104000020402800201C28002099
:10C180003C280020F8E405772C280020081BFA88BA
:10C1900030280020C33C5A5A03282DE9F0410446B8
:10C1A00001D9F5F7CBFF2046FFF7BCFC002834D0BF
:10C1B0001B4E250173191B7A2BB12046FFF77EFF1A
:10C1C0002046FFF715FF7219527A154B2AB3154A0C
:10C1D00002EB4401487817463C28595903D8090C0A
:10C1E00000F0E6FD05E0B1F5803F24BF4FF6FF7299
:10C1F0005A51715B17F8140000F0DAFD06EB0508E0
:10C200002046715901F008F908F108030022204680
:10C210005A70BDE8F041FFF797BCBDE8F08100BF60
:10C2200004000020F46C0100F8B5164C164AD4F84E
:10C23000AC3017469342154E01D0B34220D1C4F81A
:10C24000AC600025E8B20135FFF78EFC062DF9D170
:10C250000020FFF7A1FF0120FFF79EFF0220FFF75C
:10C260009BFF0320FFF798FFD4F88830BB4201D032
:10C27000B34202D10023C4F888300023C4F8AC30A4
:10C280000120F8BD04000020C33C5A5A3CC3A5A5B8
:10C29000032810B5044601D9F5F750FF2046FFF7F3
:10C2A00041FC78B1084821014318002242501A721B
:10C2B000012220465A72FFF747FC2046BDE8104095
:10C2C000FFF76ABF10BD00BF0400002003282DE95E
:10C2D000F041044601D9F5F731FF2046FFF722FC73
:10C2E00020B3134D2601AF193B7AFBB101F048F999
:10C2F0007B68984207DDC01AAB59834203D2012301
:10C30000A8517B7202E0AB1900225A7200232E441E
:10C3100033722046FFF718FC064BC5F8AC30737A31
:10C3200023B12046BDE8F041FFF736BFBDE8F081FC
:10C3300004000020C33C5A5A4FF4616238B5B0FB88
:10C34000F2F302FB13053C22B5FBF2F402FB145599
:10C350000F4A4FF40E70128800FB0230F5F7AEFE64
:10C360000C48F5F7F7FE092C02D80B48F5F7F2FE5A
:10C370002046F5F7A3FE0748F5F7ECFE092D02D895
:10C380000548F5F7E7FE2846BDE83840F5F796BEC4
:10C390002C280020CA410100336D0100000000007C
:10C3A0000328F8B505460F4601D9F5F7C7FE28461C
:10C3B000FFF7B8FB002838D01F4B204E53F825005C
:10C3C000F5F7C8FE1E4A2B01D458002333805DB90F
:10C3D00031463C2000F020FB1A48F5F7BBFE3088C0
:10C3E000F5F76CFE184802E0012D13D11748F5F758
:10C3F000B1FE2046F5F762FE1548F5F7ABFE204684
:10C4000001F052FB0AA3D3E9002301F0EDFC01F097
:10C4100083FE04462046FFF78FFF0FB10D4800E072
:10C420000D48BDE8F840F5F795BEF8BDAFF30080C4
:10C430000000000080848E40E46C01002C28002065
:10C4400004000020356D0100416D01004A6D0100BE
:10C4500014460100FF4101009B4B0100AFF3008037
:10C46000052870B504460E4621D003281FD00528A4
:10C4700001D9F5F763FE0E4B0C2505FB04356B6CFB
:10C48000DA432B6C934212D10A4B53F82400F5F790
:10C4900061FE0948F5F75EFE286CF5F70FFE0EB158
:10C4A000064800E00648BDE87040F5F753BE70BD91
:10C4B00004000020CC6C010033430100FF41010067
:10C4C0009B4B010000207047024B0C2202FB003006
:10C4D000006C7047040000200B4A030170B5D518AA
:10C4E00005F108062D7A044625B10848BDE87040DC
:10C4F000F5F730BED15001237370FFF725FB2046BE
:10C50000BDE87040FFF748BE04000020526D0100F6
:10C5100010B562B1D17B01244A0901F01F0104FA70
:10C5200001F1034B53F82200014343F8221010BDE0
:10C53000D42E002010B562B1917B01244A0901F08C
:10C540001F0104FA01F1034B53F82200014343F8A1
:10C55000221010BDD42E0020022838B504460D4606
:10C5600001D9F5F7EBFD0B4B24011B59290241F2D0
:10C57000050259615A604FF4C0321A6040F6856274
:10C58000DA6007225A6541F6F9729A640022DA6489
:10C59000012038BDA8700100022838B5044601D931
:10C5A000F5F7CCFD0A4B24011D19287B00211C59ED
:10C5B000F4F75CF8687B0021F4F758F841F6F9735A
:10C5C000A36440F68A620023E364E260636538BDD9
:10C5D000A87001005E4B2DE9F04F5A6C89B042F40F
:10C5E0008E6242F007025A641A6C002742F002027F
:10C5F0001A64584B03A88DF80C700493F4F772F882
:10C60000554EF8B2FFF7C8FF96F80D904FF00C0B9F
:10C610000BFB09F2DFF86481504908EB020348F88C
:10C6200002107268002401255E60484605A9079340
:10C630004FF0030A06928DF814408DF81550F3F769
:10C64000D3FF4846294601AA8DF804408DF805A07D
:10C650008DF806408DF807408DF80840F3F7EAFFA3
:10C6600096F80C903E4A0BFB09FB08EB0B0348F8CD
:10C670000B20B2685E60484605A9069207938DF8C4
:10C6800014408DF815502F44F3F7AEFF4846294665
:10C6900001AA8DF804A08DF805408DF806408DF8AC
:10C6A00007408DF80840F3F7C5FF574506F110061F
:10C6B000A7D12C4B2C49D3F800214FF4416042F410
:10C6C000005242F02002C3F80021D3F8042142F4C2
:10C6D0008042C3F80421D3F8242142F00202C3F8B7
:10C6E0002421224A03F546231A61214A5A61023263
:10C6F0009A61204AA3F53B23A3F50063086010600C
:10C7000018604FF4801008634FF4881010634FF4E2
:10C71000901018634FF4C860C861D061D861C868D0
:10C720002843C860D0682843D060D8682843D860C0
:10C730008D6195619D61104B04221A604FF48062F7
:10C740001A6028464FF400621A6009B0BDE8F08F05
:10C7500000800C4000290020A870010011C50000D5
:10C7600035C50000006000400000014003003100BA
:10C77000010030000004014000E100E0002A002038
:10C7800002282DE9F74F04460E46174601D9F5F762
:10C79000D5FC0FB9F5F7D2FC0EB9F5F7CFFCDFF8F1
:10C7A0007C904FEA041809EB080A9AF80C500AF139
:10C7B000080A2846F3F766FF80F0010010F0FF0B2F
:10C7C00023D09AF805A000215046F3F74FFF59F8FF
:10C7D00008804FF09A0E08F11C03009399230193EF
:10C7E0000C4B5046012100220EFB0433F3F7E4FE0C
:10C7F000094B0022013E23F8142028460097019699
:10C80000012108F13403F3F7D7FE584603B0BDE821
:10C81000F08F00BF602A00202E2C0020A87001009D
:10C820000228F8B504460E46174601D9F5F786FCEE
:10C830000FB9F5F783FC0EB9F5F780FC104B03EB4D
:10C8400004135A7B0F4B03EB021399680023C1F3C7
:10C850000911C1F19901C9B2D8B2B0420FD20A4A46
:10C8600032F81450A9420AD9681C22F814009A22FE
:10C8700002FB0455054A525DFA540133ECE7F8BD5A
:10C88000A8700100002900202E2C0020602A002022
:10C89000044B01229A61044B1A6842F400621A6048
:10C8A000704700BF00000140D42E0020044B01223D
:10C8B0009A61044B1A6842F480521A60704700BFB4
:10C8C00000040140D42E0020044B01229A61044B45
:10C8D0001A6842F400521A60704700BF0008014015
:10C8E000D42E002072B6044B1A68511C1CBF0132B2
:10C8F0001A601868704700BF18280020034B18689A
:10C9000018B10138186000B962B6704718280020C5
:10C91000032838B505460C4601D9F5F70FFC04F19C
:10C920006043B3F5804F01D3F5F708FC1D480022A2
:10C93000022300EB452062702370802AD3B210D00E
:10C94000013200EB820151F8041C0131F5D023B90A
:10C95000042222708022627001E0012222700133E1
:10C96000DBB22278042A0ED119060CD450F8232009
:10C97000013203F1010204D1032163702170D3B2AB
:10C9800001E0D3B2F0E72278032A0AD11A0608D4CC
:10C9900050F82320013301321CBF01222270DBB288
:10C9A000F4E738BD00F80100032838B5044601D982
:10C9B000F5F7C4FBFFF796FF0B4800EB442001F0AE
:10C9C00023FF0546FFF79AFF5DB9084D204605EBAA
:10C9D0004401FFF79DFF15F81400831E584258418B
:10C9E00038BD002038BD00BF00F80100382C002001
:10C9F00010B501780446FF20F5F748FB6188C9B2FD
:10CA0000F5F744FB6188C1F30721F5F73FFB637835
:10CA1000C31A5842584110BD3C2870B504460D4613
:10CA200001D9F5F78BFB05F16043B3F5804F01D3D6
:10CA3000F5F784FB074E16F8343033B106EBC4002B
:10CA4000043000F0CBFC288000E02B8016F8340086
:10CA500070BD00BF402C00201B4B2DE9F0411A880F
:10CA600098467F2A08D8194B1D88ED090135EDB28B
:10CA7000032D04D9002502E0FF25002600E0012651
:10CA800000242746124BF8B2E25C2AB11A199178B9
:10CA9000A94204BF0121517023445B7813B10121E5
:10CAA00000F018F80834B4F5F47F07F10107E9D174
:10CAB00046B12846FFF778FF20B1B8F80030803340
:10CAC000A8F80030BDE8F081362C0020342C00207E
:10CAD000402C00204F4B2DE9F74F1A880446B2F541
:10CAE000007F0E46994601D3F5F728FB3C2C01D96F
:10CAF000F5F724FB7F2E01D9F5F720FB464D2B8857
:10CB0000A846B34271D9B9F80050B5F5007F01D3FA
:10CB1000F5F714FB3C2C01D9F5F710FB3F4B53F80C
:10CB20002520013201D0F5F709FB3D4B13F83420E5
:10CB30009B46002A49D04FEAC40A03EB0A07381D76
:10CB40008DF8044000F04AFC3C2CADF806004FF094
:10CB5000FF0009D82146F5F799FA3979F5F796FAE1
:10CB6000B988090AF5F792FA02AC14F8043D8DF879
:10CB700005003C2B02D9F5F7E1FA04E02046FFF767
:10CB800037FF0028F7D0FFF7ADFE244B214603EB1B
:10CB90008500042201F030FE0446FFF7AFFE14BB0F
:10CBA0001E4B53F82520019B9A421CD1B9F8002056
:10CBB0000BEB0A03013292B2ED09B2F5007F5C7013
:10CBC0009D70144B03D21A8002E001BE0BE01C8062
:10CBD000B8F80030013B9BB2B342A8F8003015D83A
:10CBE000FFF73AFF12E00F480CE00F48F5F7B2FAF2
:10CBF0002888F5F797FA0D48F5F7ACFA3046F5F7BF
:10CC000091FA0B48F5F7A6FA002000E0012003B0E6
:10CC1000BDE8F08F342C0020362C002000F80100F5
:10CC2000402C0020D8700100EF7001000B71010052
:10CC30009B4B01002DE9F84FF3F732FF564D05F5F8
:10CC4000F476002405F8044C05F8034C05F8024C72
:10CC500028464FF6FF71083500F0ADFBB542F0D124
:10CC60004E4E2546A04627465FFA84F9484631468F
:10CC7000FFF74EFE3378012B07D14846FFF794FEAD
:10CC800018B102233370002373703378032B10D054
:10CC9000042B1ED0022B1FD137B1B8F1000F03D1E6
:10CCA0003F4BE2011A8047463E4B1A8880321A8079
:10CCB00012E073783A4A03EBC4111180394A1D44DB
:10CCC0001188ADB28031C91A118000274FF00108D8
:10CCD00002E08035ADB201270134042C06F10206D2
:10CCE000C2D12F4B1C889A4685B3002C08BF4FF445
:10CCF00000742D4F013CA4B217F82460013DF6B238
:10CD00004FEA840B3C2EADB207EB0B00ECD8DFF8FA
:10CD10009C8018F83690B9F1000FE5D117F80B3068
:10CD20003C2BE1D8FFF764FE0028DDD057F80B104C
:10CD300008EBC607381D090C00F03DFB012387F8FE
:10CD4000019008F83630E309BB70CDE7154B1B881E
:10CD50007F2B1DD8BAF800402E46E4090134E4B216
:10CD6000042C28BF0024114AF0B253199978A1422B
:10CD700005D1AA5C1AB101215970FFF7ABFE20461C
:10CD80000835FFF711FEB5F5F47F06F10106EAD18B
:10CD90000120BDE8F88F00BF442C0020382C002073
:10CDA000342C0020362C002000F80100402C0020FC
:10CDB0003C28F8B504460F4601D9F5F7BFF90C4DEC
:10CDC000E60015F834301BB1AB199B88BB4208D084
:10CDD0002E44301D394600F0EEFA012305F83430B8
:10CDE000737020463E21FFF775FE0120F8BD00BF9D
:10CDF000402C002072B6044B1A68511C1CBF013233
:10CE00001A601868704700BF18280020034B186884
:10CE100018B10138186000B962B6704718280020B0
:10CE2000134B0822C3F8C820124A00211170202297
:10CE3000C3F8C8204FF480625A61D3F80021012062
:10CE400042F4A022C3F80021D3F80C2142F01002D2
:10CE5000C3F80C211022C3F81C21D3F8102142F092
:10CE60001002C3F81021044B02221A60704700BF61
:10CE700000600040282E002000E100E038B50D4B96
:10CE80000822C3F8C4202022C3F8C4200A4B01247E
:10CE90000A4D00201C70FFF7ABF82046FFF7A8F8FA
:10CEA000284600F0AFFB192328462B6000F06EFBEC
:10CEB000204638BD00600040282E0020240D0020B0
:10CEC00008B5074B00201870064B0822C3F8C8208D
:10CED000FFF7F4F8BDE808400120FFF7F7B900BFFD
:10CEE000282E002000600040014B1878704700BFDA
:10CEF000282E0020024BD3F8D000C0F3001070475A
:10CF00000060004070B5FFF7F5FF1D4B50B31A7875
:10CF1000012A12D11B4C1C4D20260222C5F8C860E4
:10CF200020461A7000F06EFB40F2E91320462360A1
:10CF300000F02CFBC5F8C46070BD022A134C08D168
:10CF400003221A70FFF756FF636843F08063636043
:10CF500011E004221A70FFF74DFF236843F0040329
:10CF6000236008E004221A70FFF744FF074B1A6899
:10CF700042F004021A60BDE87040FFF747BF00BFEF
:10CF8000282E0020240D002000600040D42E002018
:10CF90000D4BD3F81421D20610D50C4A1178032971
:10CFA0000CD1042111700822C3F8C820084B1A685C
:10CFB0000A431A605A6822F080625A60024B45F2B6
:10CFC0005552C3F81C21704700600040282E0020F5
:10CFD000D42E0020024B4FF480621A61704700BFCC
:10CFE00000600040024BD869C0F38000704700BF6A
:10CFF000006000401FB50D4B0FCB8DE80F000C48B3
:10D000000121F3F7B7F80B4840F203138363694635
:10D01000F3F7BEFB084A00231370084A012013707F
:10D02000074B4FF480721A6004B010BD14710100F8
:10D0300000F2040000A000402E2E0020442E00200C
:10D0400000E100E0024B187880F00100704700BF5B
:10D05000442E0020F8B51E4E054634780F46002CAD
:10D0600033D11C4800F0CEFA1B4B04211B4A5980D7
:10D070001B495A60D9601770022101221D801A8154
:10D080001982184B32701C7072B6174D17482B68F6
:10D0900011495A1C1CBF01332B60F3F7CFFCC0436E
:10D0A000C0F3C0142CB10B483123036000F06EFABA
:10D0B00003E00C4B01221A7034702B6833B10A4A1A
:10D0C000013B136013B962B600E000242046F8BDAE
:10D0D000442E0020300D0020302E00202B2E00206A
:10D0E000292E00202E2E00201828002000A000400D
:10D0F0000B4B10B51B7804460BB1002010BD09483E
:10D1000000F080FA084B1B78002BF6D12CB1074BAE
:10D110005A781B7803EB02232380012010BD00BF47
:10D12000442E0020300D00202E2E0020292E00201D
:10D1300008B50948F3F750FB01280CD0074B002233
:10D140001A70801A064B18BF01201870054B1A6818
:10D1500042F000621A6008BD00A00040442E00208A
:10D160002E2E0020D42E002010B5074C23784BB172
:10D170000648F3F725FBFFF73DFF054B01221A7028
:10D180000023237010BD00BF442E002000A00040EB
:10D190002E2E0020064B1A68D00708D59A689107F2
:10D1A00005D49A68D207FCD4014B01225A6070471B
:10D1B0000080084010B50E4B9A68D207FBD440F2AD
:10D1C0004D521A609C6814F00104FBD1FFF7E2FF96
:10D1D000084B4FF0A5321A60074B08481C705C7072
:10D1E0009C70DC706123036000F0D0F9012010BD59
:10D1F00000800840F83B00205C2E0020400D0020FD
:10D20000032838B504460D4601D9F4F797FFFF2DE2
:10D2100001D9F4F793FF014B1D5538BD5C2E00205A
:10D220002DE9F3410E46002502A9074621F8025DCB
:10D2300038209046FFF7F0FBBDF806301FFA88F45F
:10D24000013399B23820ADF80610FFF7B1FD214641
:10D250003920FFF7ADFDFFF733FE314622462B465E
:10D260003846FEF7C9FDFEF75FFA02B0BDE8F0816F
:10D27000F8B5364B1968B1F1A53F03D0002002463E
:10D28000FFF7CEFF324C00232370217803290CD8FE
:10D29000304B5A5C32B1013AD2B25A5412B907201B
:10D2A000FFF7BEFF23780133EEE72B4E2B4D33689B
:10D2B0002B4F3BB92B4B2C4A2B60D31A33604FF0CA
:10D2C000FF333B6034682968B4F5806F28BF4FF4A2
:10D2D000806422463868F4F7DFFE336823491B1B5D
:10D2E0003360234A2B680A441C442249224B2C6099
:10D2F000224CD21A0B6838602260214E1846B34285
:10D3000015460ED207682E680433B74202F10402B4
:10D31000F3D00860002102200A462560FFF780FF55
:10D3200001E022600B60FFF735FF00F029F9154B93
:10D330001A68801A144A11688842C8BF10606122B6
:10D340001A601048BDE8F84000F020B9F83B002012
:10D35000602E00205C2E0020482E0020582E002039
:10D36000502E002000000000407F010028710100C5
:10D37000580D00203C0D0020E0000020542E00201D
:10D38000F80E0020400D00204C2E0020016082B0DD
:10D39000C943416002B0704713B543680468019007
:10D3A0006340013304D0032001A90022FFF738FFB6
:10D3B000204602B010BD07B5CB439BB201900A4690
:10D3C000018043804B404FF6FF718B4203D0032016
:10D3D00001A9FFF725FF03B05DF804FB13B54288F0
:10D3E00004884FF6FF7362409A42019004D00320F4
:10D3F00001A92246FFF714FF204602B010BD00002D
:10D40000014B23F810107047B4000020014B33F893
:10D4100010007047B4000020024B03EB40008181F4
:10D42000704700BFB4000020024B03EB400080892E
:10D43000704700BFB4000020034B42F2966203EB3A
:10D44000400081821A627047B4000020074B10B57B
:10D450001A6A42F29664A24205D103EB40039B8A0A
:10D4600001200B8010BD002010BD00BFB4000020C3
:10D470000F4B40F2D242596A914204D042F2966078
:10D48000814218BF5A62996A40F2D242914205D055
:10D4900042F2966081421CBF05498A621A6A42F2D2
:10D4A00096639A4203D0024B40F2D2421A6270470E
:10D4B000B4000020024B40F2D2425A629A62704796
:10D4C000B4000020024B42F296625A62704700BFDD
:10D4D000B4000020024B42F296629A62704700BF8D
:10D4E000B4000020034B586A42F29663C31A5842B4
:10D4F00058417047B4000020034B986A42F296638B
:10D50000C31A584258417047B400002072B6044B09
:10D510001A68511C1CBF01321A601868704700BF9E
:10D5200018280020034B186818B10138186000B99A
:10D5300062B67047182800200C4B10B500241C6000
:10D5400000F056F90A4B4FF400421C60094BE021F1
:10D550001A60094B47F6FF725A60084A012082F8A8
:10D56000231007229C601A6010BD00BF682E0020A7
:10D57000642E00204C0D002010E000E000ED00E0E3
:10D58000014B1868704700BF642E002010B5044698
:10D59000002831D0007951282ED8184B1A682368FA
:10D5A0001A445B42002B226003DBBDE81040F4F715
:10D5B0003BBEFFF7ABFF124B1A6819462AB1186839
:10D5C00022680068801A002803DD0B68A3600C60E5
:10D5D0000EE01B68996819B99A68A2609C6007E020
:10D5E00099680968891A0029F6DC9B68002BF1D13B
:10D5F000BDE81040FFF796BF10BD00BF642E0020AD
:10D60000682E002010B50446C8B1FFF77FFF0C4B11
:10D610001A68A24202D192681A600CE01A6852B1EC
:10D620001B689A683AB19A68A24202D1A2689A60CD
:10D6300001E09B68F5E7BDE81040FFF773BF10BD40
:10D64000682E002038B5114B1A6802F500421A60A6
:10D650000F4B1A681D4601321A600E4C2368A3B1A5
:10D660002A6823681B68D31A002B0EDB23681B79FA
:10D67000512B04D823681879F4F7D6FD01E0F4F7AC
:10D680005DFD23689B682360E7E738BD4C0D0020F3
:10D69000642E0020682E00200C4880470C490D4A5B
:10D6A0000D4B9B1A40F30580043BC858D0503FF700
:10D6B000FBAF0A490A4A002300F002B841F8043BD4
:10D6C0009142FFF4FBAFFEF73BF8FEE795B8000090
:10D6D00028710100E0000020F80E0020000F00205B
:10D6E000E42E0020FEE7FEE7FEE7FEE7FEE7FEE7AA
:10D6F000FEE7FEE7FEE7FEE7FEE7FEE7FEE7FEE702
:10D70000FEE7FEE7FEE7FEE7FEE7FEE7FEE7FEE7F1
:10D71000FEE7FEE7FEE7FEE7FEE7FEE7FEE7FEE7E1
:10D72000FEE7FEE7FEE7FEE7FEE7FEE7FEE7FEE7D1
:10D73000FEE7FEE7004870470048E801204AD36A48
:10D7400003F47053B3F5805F35D0B3F5005F04D0B8
:10D75000B3F5006F04D11B4B00E01B4B18687047FA
:10D76000D36803F4E063B3F5007F16D008D8B3B1F3
:10D77000B3F5807F1DD1154B154AD86C154B12E0BF
:10D78000B3F5806F1AD0B3F5A06F04D0B3F5407F26
:10D790000FD11148704711487047114870470B4B23
:10D7A000104AD86C104BB0F1985F34BF1046184641
:10D7B0007047002070474FF4004070470B48704797
:10D7C00000800C40540D0020500D0020B081E00F6F
:10D7D000C0CF6A0040B56400809FD500003FAB0118
:10D7E000C0D8A70040420F00804F1200406F400198
:10D7F00008B5FFF7A3FF044B5B6803F00F03D840A5
:10D80000024B186008BD00BF00800C40E02E0020D5
:10D810004FF4004070470000014B1868704700BF8C
:10D82000500D002081F0004102E000BF83F0004372
:10D8300030B54FEA41044FEA430594EA050F08BFAB
:10D8400090EA020F1FBF54EA000C55EA020C7FEA6F
:10D85000645C7FEA655C00F0E2804FEA5454D4EBEC
:10D860005555B8BF6D420CDD2C4480EA020281EAB6
:10D87000030382EA000083EA010180EA020281EAEE
:10D880000303362D88BF30BD11F0004F4FEA013140
:10D890004FF4801C4CEA113102D0404261EB41014F
:10D8A00013F0004F4FEA03334CEA133302D05242D5
:10D8B00063EB430394EA050F00F0A780A4F1010491
:10D8C000D5F1200E0DDB02FA0EFC22FA05F28018CB
:10D8D00041F1000103FA0EF2801843FA05F35941B1
:10D8E0000EE0A5F120050EF1200E012A03FA0EFC30
:10D8F00028BF4CF0020C43FA05F3C01851EBE3715A
:10D9000001F0004507D54FF0000EDCF1000C7EEB76
:10D9100000006EEB0101B1F5801F1BD3B1F5001FB4
:10D920000CD349085FEA30004FEA3C0C04F10104D3
:10D930004FEA445212F5800F80F09A80BCF1004FFC
:10D9400008BF5FEA500C50F1000041EB045141EA7E
:10D95000050130BD5FEA4C0C404141EB010111F47F
:10D96000801FA4F10104E9D191F0000F04BF01462A
:10D970000020B1FA81F308BF2033A3F10B03B3F108
:10D9800020020CDA0C3208DD02F1140CC2F10C0298
:10D9900001FA0CF021FA02F10CE002F11402D8BFF6
:10D9A000C2F1200C01FA02F120FA0CFCDCBF41EAC2
:10D9B0000C019040E41AA2BF01EB0451294330BD91
:10D9C0006FEA04041F3C1CDA0C340EDC04F114046E
:10D9D000C4F1200220FA04F001FA02F340EA030045
:10D9E00021FA04F345EA030130BDC4F10C04C4F18B
:10D9F000200220FA02F001FA04F340EA030029466B
:10DA000030BD21FA04F0294630BD94F0000F83F4B4
:10DA1000801306BF81F480110134013D4EE77FEA97
:10DA2000645C18BF7FEA655C29D094EA050F08BFE3
:10DA300090EA020F05D054EA000C04BF19461046C4
:10DA400030BD91EA030F1EBF0021002030BD5FEA08
:10DA5000545C05D14000494128BF41F0004130BD30
:10DA600014F580043CBF01F5801130BD01F0004584
:10DA700045F0FE4141F470014FF0000030BD7FEAF7
:10DA8000645C1ABF194610467FEA655C1CBF0B46F2
:10DA9000024650EA013406BF52EA033591EA030F09
:10DAA00041F4002130BD00BF90F0000F04BF002101
:10DAB000704730B54FF4806404F132044FF0000534
:10DAC0004FF0000150E700BF90F0000F04BF0021AD
:10DAD000704730B54FF4806404F1320410F0004513
:10DAE00048BF40424FF000013EE700BF42004FEA0E
:10DAF000E2014FEA31014FEA02701FBF12F07F438B
:10DB000093F07F4F81F06051704792F0000F14BF87
:10DB100093F07F4F704730B54FF4607401F00045CB
:10DB200021F0004120E700BF50EA010208BF704722
:10DB300030B54FF000050AE050EA010208BF704717
:10DB400030B511F0004502D5404261EB41014FF480
:10DB5000806404F132045FEA915C3FF4DCAE4FF084
:10DB600003025FEADC0C18BF03325FEADC0C18BF6B
:10DB7000033202EBDC02C2F1200300FA03FC20FABC
:10DB800002F001FA03FE40EA0E0021FA02F1144409
:10DB9000C1E600BF70B54FF0FF0C4CF4E06C1CEA1E
:10DBA00011541DBF1CEA135594EA0C0F95EA0C0F93
:10DBB00000F0DEF82C4481EA030621EA4C5123EA06
:10DBC0004C5350EA013518BF52EA033541F4801135
:10DBD00043F4801338D0A0FB02CE4FF00005E1FBE8
:10DBE00002E506F00042E0FB03E54FF00006E1FB32
:10DBF00003569CF0000F18BF4EF0010EA4F1FF0475
:10DC0000B6F5007F64F5407404D25FEA4E0E6D41B4
:10DC100046EB060642EAC62141EA55514FEAC520C5
:10DC200040EA5E504FEACE2EB4F1FD0C88BFBCF541
:10DC3000E06F1ED8BEF1004F08BF5FEA500E50F1F2
:10DC4000000041EB045170BD06F0004646EA0101B8
:10DC500040EA020081EA0301B4EB5C04C2BFD4EBEA
:10DC60000C0541EA045170BD41F480114FF0000EE3
:10DC7000013C00F3AB8014F1360FDEBF002001F051
:10DC8000004170BDC4F10004203C35DA0C341BDCCB
:10DC900004F11404C4F1200500FA05F320FA04F09D
:10DCA00001FA05F240EA020001F0004221F00041D1
:10DCB00010EBD37021FA04F642EB06015EEA430E44
:10DCC00008BF20EAD37070BDC4F10C04C4F1200574
:10DCD00000FA04F320FA05F001FA04F240EA020027
:10DCE00001F0004110EBD37041F100015EEA430EF8
:10DCF00008BF20EAD37070BDC4F1200500FA05F218
:10DD00004EEA020E20FA04F301FA05F243EA020396
:10DD100021FA04F001F0004121FA04F220EA0200A5
:10DD200000EBD3705EEA430E08BF20EAD37070BDEB
:10DD300094F0000F0FD101F00046400041EB0101CB
:10DD400011F4801F08BF013CF7D041EA060195F0AD
:10DD5000000F18BF704703F00046520043EB030367
:10DD600013F4801F08BF013DF7D043EA0603704754
:10DD700094EA0C0F0CEA135518BF95EA0C0F0CD05F
:10DD800050EA410618BF52EA4306D1D181EA0301A5
:10DD900001F000414FF0000070BD50EA410606BF9F
:10DDA0001046194652EA430619D094EA0C0F02D1E4
:10DDB00050EA013613D195EA0C0F05D152EA033629
:10DDC0001CBF104619460AD181EA030101F0004147
:10DDD00041F0FE4141F470014FF0000070BD41F090
:10DDE000FE4141F4780170BD70B54FF0FF0C4CF46A
:10DDF000E06C1CEA11541DBF1CEA135594EA0C0F89
:10DE000095EA0C0F00F0A7F8A4EB050481EA030ED5
:10DE100052EA03354FEA013100F088804FEA0333BC
:10DE20004FF0805545EA131343EA12634FEA02228A
:10DE300045EA111545EA10654FEA00260EF000414B
:10DE40009D4208BF964244F1FD0404F5407402D29D
:10DE50005B084FEA3202B61A65EB03055B084FEA2E
:10DE600032024FF480104FF4002CB6EB020E75EB2B
:10DE7000030E22BFB61A754640EA0C005B084FEA53
:10DE80003202B6EB020E75EB030E22BFB61A7546D0
:10DE900040EA5C005B084FEA3202B6EB020E75EB1B
:10DEA000030E22BFB61A754640EA9C005B084FEA93
:10DEB0003202B6EB020E75EB030E22BFB61A7546A0
:10DEC00040EADC0055EA060E18D04FEA051545EA8F
:10DED00016754FEA06164FEAC30343EA52734FEA38
:10DEE000C2025FEA1C1CC0D111F4801F0BD141EAB1
:10DEF00000014FF000004FF0004CB6E711F4801F16
:10DF000004BF01430020B4F1FD0C88BFBCF5E06FF5
:10DF10003FF6AFAEB5EB030C04BFB6EB020C5FEA05
:10DF2000500C50F1000041EB045170BD0EF0004E5A
:10DF30004EEA113114EB5C04C2BFD4EB0C0541EA8C
:10DF4000045170BD41F480114FF0000E013C90E689
:10DF500045EA060E8DE60CEA135594EA0C0F08BF4D
:10DF600095EA0C0F3FF43BAF94EA0C0F0AD150EA4C
:10DF700001347FF434AF95EA0C0F7FF425AF1046DF
:10DF800019462CE795EA0C0F06D152EA03353FF407
:10DF9000FDAE1046194622E750EA410618BF52EA84
:10DFA00043067FF4C5AE50EA41047FF40DAF52EA58
:10DFB00043057FF4EBAE12E74FF0FF3C06E000BFF5
:10DFC0004FF0010C02E000BF4FF0010C4DF804CD02
:10DFD0004FEA410C7FEA6C5C4FEA430C18BF7FEAC2
:10DFE0006C5C1BD001B050EA410C0CBF52EA430CF0
:10DFF00091EA030F02BF90EA020F0020704710F170
:10E00000000F91EA030F58BF994208BF90422CBFFE
:10E01000D8176FEAE37040F0010070474FEA410CF7
:10E020007FEA6C5C02D150EA013C07D14FEA430C15
:10E030007FEA6C5CD6D152EA033CD3D05DF8040B86
:10E04000704700BF8446104662468C4619466346B8
:10E0500000E000BF01B5FFF7B7FF002848BF10F18F
:10E06000000F01BD4DF808EDFFF7F4FF0CBF0120D4
:10E0700000205DF808FB00BF4DF808EDFFF7EAFF50
:10E0800034BF012000205DF808FB00BF4DF808ED0B
:10E09000FFF7E0FF94BF012000205DF808FB00BF00
:10E0A0004DF808EDFFF7CEFF94BF012000205DF88A
:10E0B00008FB00BF4DF808EDFFF7C4FF34BF012097
:10E0C00000205DF808FB00BF4FEA410212F5001284
:10E0D00015D211D56FF47873B3EB625212D94FEAAF
:10E0E000C12343F0004343EA505311F0004F23FA99
:10E0F00002F018BF404270474FF00000704750EAEE
:10E10000013005D111F0004008BF6FF000407047AA
:10E110004FF00000704700BF4A0011D212F5001204
:10E1200011D20DD56FF47873B3EB62520ED44FEA6F
:10E13000C12343F0004343EA505323FA02F07047EF
:10E140004FF00000704750EA013002D14FF0FF302D
:10E1500070474FF00000704780F0004002E000BFC1
:10E1600081F0004142001FBF5FEA410392EA030FC2
:10E170007FEA226C7FEA236C6AD04FEA1262D2EB0C
:10E180001363C1BFD218414048404140B8BF5B4211
:10E19000192B88BF704710F0004F40F4000020F0AA
:10E1A0007F4018BF404211F0004F41F4000121F0C0
:10E1B0007F4118BF494292EA030F3FD0A2F101020A
:10E1C00041FA03FC10EB0C00C3F1200301FA03F148
:10E1D00000F0004302D5494260EB4000B0F5000F6B
:10E1E00013D3B0F1807F06D340084FEA310102F12A
:10E1F0000102FE2A51D2B1F1004F40EBC25008BFDC
:10E2000020F0010040EA03007047490040EB0000A5
:10E2100010F4000FA2F10102EDD1B0FA80FCACF1D4
:10E22000080CB2EB0C0200FA0CF0AABF00EBC250D3
:10E2300052421843BCBFD0401843704792F0000FC1
:10E2400081F4000106BF80F400000132013BB5E714
:10E250004FEA41037FEA226C18BF7FEA236C21D08A
:10E2600092EA030F04D092F0000F08BF08467047EF
:10E2700090EA010F1CBF0020704712F07F4F04D1BD
:10E28000400028BF40F00040704712F100723CBFD0
:10E2900000F50000704700F0004343F0FE4040F4FA
:10E2A000000070477FEA226216BF08467FEA2363B8
:10E2B0000146420206BF5FEA412390EA010F40F4A3
:10E2C000800070474FF0000304E000BF10F00043EF
:10E2D00048BF40425FEA000C08BF704743F09643D6
:10E2E00001464FF000001CE050EA010208BF7047F1
:10E2F0004FF000030AE000BF50EA010208BF704778
:10E3000011F0004302D5404261EB41015FEA010C8C
:10E3100002BF84460146002043F0B64308BFA3F184
:10E320008053A3F50003BCFA8CF2083AA3EBC25366
:10E3300010DB01FA02FC634400FA02FCC2F1200285
:10E34000BCF1004F20FA02F243EB020008BF20F0BC
:10E350000100704702F1200201FA02FCC2F1200222
:10E3600050EA4C0021FA02F243EB020008BF20EA17
:10E37000DC7070474FF0FF0C1CEAD0521EBF1CEA45
:10E38000D15392EA0C0F93EA0C0F6FD01A4480EA33
:10E39000010C400218BF5FEA41211ED04FF000631C
:10E3A00043EA501043EA5111A0FB01310CF0004048
:10E3B000B1F5000F3EBF490041EAD3715B0040EA6E
:10E3C000010062F17F02FD2A1DD8B3F1004F40EB3E
:10E3D000C25008BF20F00100704790F0000F0CF011
:10E3E000004C08BF49024CEA502040EA51207F3AD5
:10E3F000C2BFD2F1FF0340EAC250704740F40000B0
:10E400004FF00003013A5DDC12F1190FDCBF00F0A0
:10E4100000407047C2F10002410021FA02F1C2F14E
:10E42000200200FA02FC5FEA310040F1000053EAEA
:10E430004C0308BF20EADC70704792F0000F00F038
:10E44000004C02BF400010F4000F013AF9D040EA3E
:10E450000C0093F0000F01F0004C02BF490011F4D2
:10E46000000F013BF9D041EA0C018FE70CEAD153D0
:10E4700092EA0C0F18BF93EA0C0F0AD030F0004C50
:10E4800018BF31F0004CD8D180EA010000F0004004
:10E49000704790F0000F17BF90F0004F084691F0C2
:10E4A000000F91F0004F14D092EA0C0F01D14202FC
:10E4B0000FD193EA0C0F03D14B0218BF084608D1C5
:10E4C00080EA010000F0004040F0FE4040F400000F
:10E4D000704740F0FE4040F4400070474FF0FF0CA2
:10E4E0001CEAD0521EBF1CEAD15392EA0C0F93EAE9
:10E4F0000C0F69D0A2EB030280EA010C49024FEA3B
:10E50000402037D04FF0805343EA111143EA1013F3
:10E510000CF000408B4238BF5B0042F17D024FF4AB
:10E52000000C8B4224BF5B1A40EA0C00B3EB510F86
:10E5300024BFA3EB510340EA5C00B3EB910F24BF6F
:10E54000A3EB910340EA9C00B3EBD10F24BFA3EBF4
:10E55000D10340EADC001B0118BF5FEA1C1CE0D1BC
:10E56000FD2A3FF650AF8B4240EBC25008BF20F06F
:10E57000010070470CF0004C4CEA50207F32C2BFC3
:10E58000D2F1FF0340EAC250704740F400004FF060
:10E590000003013A37E792F0000F00F0004C02BF91
:10E5A000400010F4000F013AF9D040EA0C0093F05B
:10E5B000000F01F0004C02BF490011F4000F013BB5
:10E5C000F9D041EA0C0195E70CEAD15392EA0C0F1D
:10E5D00008D142027FF47DAF93EA0C0F7FF470AF55
:10E5E000084676E793EA0C0F04D14B023FF44CAF98
:10E5F00008466EE730F0004C18BF31F0004CCAD12D
:10E6000030F000427FF45CAF31F000437FF43CAF68
:10E610005FE700BF4FEA4002B2F1FE4F0FD34FF069
:10E620009E03B3EB12620DD94FEA002343F000437F
:10E6300010F0004F23FA02F018BF404270474FF02D
:10E640000000704712F1610F01D1420205D110F0B4
:10E65000004008BF6FF0004070474FF00000704767
:10E66000844641EA000313F0030349D1403A23D31F
:10E670000B6803604B6843608B688360CB68C36042
:10E680000B6903614B6943618B698361CB69C3612A
:10E690000B6A03624B6A43628B6A8362CB6AC36212
:10E6A0000B6B03634B6B43638B6B8363CB6BC363FA
:10E6B00040304031403ADBD230320BD30B6803603C
:10E6C0004B6843608B688360CB68C3601030103147
:10E6D000103AF3D20C3205D351F8043B40F8043B16
:10E6E000043AF9D2043208D0D2071CBF11F8013B1A
:10E6F00000F8013B01D30B8803806046704700BFE0
:10E70000082A13D38B07B1D010F00303AED0C3F1A6
:10E710000403D21ADB071CBF11F8013B00F8013BD0
:10E72000A4D331F8023B20F8023B9FE7043AD9D347
:10E73000013A11F8013B00F8013BF9D20B78037064
:10E740004B7843708B78837060467047F0B48407D1
:10E7500043D0541E002A3ED0CDB2034603E0621ED1
:10E76000002C38D0144603F8015B9A07F7D1032C2C
:10E770002AD9CDB245EA05250F2C45EA054515D91C
:10E78000A4F110073F0903F1100606EB07161A461D
:10E79000156055609560D5601032B242F8D104F032
:10E7A0000F040137032C03EB07130DD91E46224635
:10E7B000043A032A46F8045BFAD8221F22F0030227
:10E7C0000432134404F003042CB1C9B21C4403F80E
:10E7D000011BA342FBD1F0BC704714460346C6E7B9
:10E7E000F8B500BFF8BC08BC9E467047F8B500BF3E
:10E7F000F8BC08BC9E46704701B40248844601BC80
:10E80000604700BFF10E002001B40248844601BCFD
:10E81000604700BF810E00200302060301010102D0
:10E820000101010608091108E145583145547B50A2
:10E830001E63C63EA00F000070170000010000001C
:10E84000FC55642EFC4D87518959A94028230000AE
:10E850001027000000000000294D3549EA45D2523A
:10E860003B60B74C10270000903300000000000010
:10E87000074CC153B43EB4500C63BD5C102700007C
:10E8800090330000000000007143833AB05283527D
:10E890001662B14A1027000090330000000000000B
:10E8A000B0120100ACF20000000000000000000007
:10E8B0000000000000000000000000000000000058
:10E8C0000000000000000000000000000000000048
:10E8D0000000000000000000000000000000000038
:10E8E0000000000000000000000000000000000028
:10E8F0000000000000000000000000000000000018
:10E900000000000002000000A8490C47B83A913C02
:10E91000ED5E2B43923B00009033000000000000AE
:10E9200090130100A8190100A83201003CFA000070
:10E93000A0EA00000000000000000000000000004D
:10E9400000000000000000000000000000000000C7
:10E9500000000000000000000000000000000000B7
:10E9600000000000000000000000000000000000A7
:10E970000000000000000000000000000000000097
:10E980000000000005000000BC47104B68434E52D9
:10E990004351DB4C102700009033000000000000C2
:10E9A000901301000825010020250100F4FE00005D
:10E9B000D02501005026010070EA00000000000090
:10E9C0000000000000000000000000000000000047
:10E9D0000000000000000000000000000000000037
:10E9E0000000000000000000000000000000000027
:10E9F0000000000000000000000000000000000017
:10EA00000000000007000000ECFA0000ACF200007B
:10EA100000000000000000000000000000000000F6
:10EA200000000000000000000000000000000000E6
:10EA300000000000000000000000000000000000D6
:10EA400000000000000000000000000000000000C6
:10EA500000000000000000000000000000000000B6
:10EA600000000000000000000000000002000000A4
:10EA70007B3A7D36D754A05282506B641027000039
:10EA8000841C000000000000D5388A4B2E456054DD
:10EA9000F54F106710270000841C000000000000E4
:10EAA0007B42914DDC3F07531A4E626428230000DD
:10EAB00070170000000000009749F343024E8D5389
:10EAC000764F236610270000841C00000000000021
:10EAD00090130100C8EB0000E0EB0000F8EB000031
:10EAE0009822010078EC0000A0EA0000000000007D
:10EAF0000000000000000000000000000000000016
:10EB00000000000000000000000000000000000005
:10EB100000000000000000000000000000000000F5
:10EB200000000000000000000000000000000000E5
:10EB30000000000007000000F840034F5049115248
:10EB400044473266401F0000581B000000000000D0
:10EB50005C3E9256703CF0518961DC6310270000E6
:10EB600090330000010000002B4B1A48AF502A528E
:10EB700005510663881300008813000000000000A0
:10EB80008A440C589639F951F25914611027000043
:10EB9000903300000000000096416249A9483F53AD
:10EBA0005547C66788130000A00F00000000000052
:10EBB000D84E2352C52EA63D1C5DF037102700000D
:10EBC0004C1D0000010000000B402C525138F05247
:10EBD000FD4F0368581B0000C4090000010000003D
:10EBE000AB46DA4C9A358553645A5A48204E000099
:10EBF000D05C0000000000005B4F7044B1494852F7
:10EC0000155A8D41581B0000E02E00000100000045
:10EC1000E0F00000882D010090130100A801002001
:10EC2000740100200000000000000000000000004F
:10EC300000000000000000000000000000000000D4
:10EC400000000000000000000000000000000000C4
:10EC500000000000000000000000000000000000B4
:10EC600000000000000000000000000000000000A4
:10EC7000000000000500000040484649BF39F55338
:10EC8000165A9A51204E0000D05C0000000000008F
:10EC90004CF200002CF3000044F30000901301003C
:10ECA000A801002074010020000000000000000006
:10ECB0000000000000000000000000000000000054
:10ECC0000000000000000000000000000000000044
:10ECD0000000000000000000000000000000000034
:10ECE0000000000000000000000000000000000024
:10ECF00000000000050000005742FB31B1513043D5
:10ED0000CE39D16C401F0000401F00000000000001
:10ED10000052DB426A4A1952E161F23EA00F000044
:10ED20007017000001000000184CF344A7424E4148
:10ED3000F8546351923B0000903300000100000042
:10ED4000F0340100E81C0100DCF10000083501008E
:10ED5000203501003835010088EA0000000000007D
:10ED600000000000000000000000000000000000A3
:10ED70000000000000000000000000000000000093
:10ED80000000000000000000000000000000000083
:10ED90000000000000000000000000000000000073
:10EDA00000000000070000002E40B4353F511A510A
:10EDB000483BDC5B923B0000403800000000000054
:10EDC00025488F2FBC4F3E50AB62273F983A00003A
:10EDD0009033000000000000605BCF2D1954914F6C
:10EDE000145BE343F82A0000983A00000100000099
:10EDF000A74A0141C734A0536C5BC547A00F000070
:10EE000070170000000000002D49EB3B414797536D
:10EE1000F25A7F47B80B0000881300000000000082
:10EE20009F49A43C164E2E535C5ADF47D007000082
:10EE3000B80B000001000000DD410B46AB4C39521D
:10EE40001C448E64923B00009033000000000000E0
:10EE5000A54CA948D34A0B52CD42B75C923B000067
:10EE60009033000001000000B54D6C48B34752518B
:10EE70006144C953923B0000903300000000000041
:10EE80004D449858DE37FB50BE59515E10270000A4
:10EE90009033000000000000E0F00000882D010029
:10EEA000A801002074010020000000000000000004
:10EEB0000000000000000000000000000000000052
:10EEC0000000000000000000000000000000000042
:10EED0000000000000000000000000000000000032
:10EEE0000000000000000000000000000000000022
:10EEF000000000000000000000000000040000000E
:10EF00002C47613B75538748F74EE968102700008E
:10EF10002067000000000000D342523DEA544351F4
:10EF2000595C6966C4090000720600000000000018
:10EF3000901301008CF30000BCF30000ECF3000020
:10EF400088EA00000000000000000000000000004F
:10EF500000000000000000000000000000000000B1
:10EF600000000000000000000000000000000000A1
:10EF70000000000000000000000000000000000091
:10EF80000000000000000000000000000000000081
:10EF900000000000050000005D352631BA552758F5
:10EFA000F74E1D71983A0000206700000000000035
:10EFB000C74DF44463488652885AA841581B000044
:10EFC000E02E000001000000A015010054F8000030
:10EFD000B0EB0000B8250100B0EB000054F80000D1
:10EFE0003037010038EE000050EE000068EE0000FF
:10EFF00050EE0000E82701000000000000000000C3
:10F000000000000000000000000000000000000000
:10F0100000000000000000000000000000000000F0
:10F020000000000000000000000000000C000000D4
:10F03000901301006826010024F20000002701005F
:10F040002823010000000000000000000000000074
:10F0500000000000000000000000000000000000B0
:10F0600000000000000000000000000000000000A0
:10F070000000000000000000000000000000000090
:10F080000000000000000000000000000000000080
:10F0900000000000050000006141DF2E4958495280
:10F0A0000253A15010270000903300000000000020
:10F0B000F93F38352259D550F053715510270000CB
:10F0C00090330000000000001734C53E1C59A350C7
:10F0D000944E50628813000073230000000000006B
:10F0E000FA2EBA4077561E51A14B2D6288130000AC
:10F0F0007017000001000000433A2F446573696EE9
:10F100002F4F626947656E32434D5556362E312E6C
:10F11000312D446576696174696F6E312F536F7557
:10F120007263652F4465766963652F536F757263EB
:10F13000652F41726D2E6300064E756C6C207061F8
:10F1400074680A00074D6F74696F6E20436F6D70AD
:10F150006C6574650A00067E4D65616C20537461B0
:10F1600072742054696D652C00067E4D65616C20BB
:10F17000456E642054696D652C00434D55205265E1
:10F1800067696F6E206368672066726F6D2000206C
:10F19000746F20001B52084143420853C65AFA4973
:10F1A000983A0000584D000000000000C83C9B4DFC
:10F1B0002449DB514F460864701700008813000093
:10F1C000010000007F36B23E3D5133526A44546123
:10F1D000923B000040380000000000005E44833293
:10F1E0000655CE518059273E581B0000E02E0000E6
:10F1F0000100000010432E33E4599E428938DC762A
:10F20000881300000019000000000000EC438E4845
:10F21000F136D2420A543641923B0000584D00006C
:10F22000000000009F4A742E6C505750034DB16986
:10F2300010270000102700000000000004F4000068
:10F2400040ED0000E825010074FE000080461C48E7
:10F250003F51A751F64E9F634C1D00004C1D00000E
:10F2600000000000955BC24177469C5226537F3FC9
:10F270001027000090330000000000002B532C41A9
:10F28000924D7B511651714C1027000090330000B5
:10F2900000000000C84CD5485B4F65516C53705D51
:10F2A000102700009033000000000000E33BFB3318
:10F2B00077542952125AEB6810270000AC26000040
:10F2C00000000000FC010020702B010068360100E6
:10F2D000F02B010098360100B0360100D82C010057
:10F2E00070EA0000000000000000000000000000C4
:10F2F000000000000000000000000000000000000E
:10F3000000000000000000000000000000000000FD
:10F3100000000000000000000000000000000000ED
:10F32000000000000000000008000000FD405C46F6
:10F33000C25272512D4C3863B635000016260000BB
:10F34000010000005049F03F7E508B529D4E0369F2
:10F35000701700009411000000000000F543E7481A
:10F36000C54F2F519A62F9601027000090330000BA
:10F3700001000000704C9F52734197527E630C62F3
:10F38000102700009033000001000000DF39CC445A
:10F39000EA425750F74EE96810270000C8190000EC
:10F3A000000000001A42B853A9405F528150C8645F
:10F3B0007C1500008813000000000000EB37C046F9
:10F3C000DE442758F74EE968983A000020670000AD
:10F3D000000000001E4F193A884F72514D47C05D22
:10F3E000923B00009033000000000000F735B44865
:10F3F000D2468748F74EE968983A00002067000037
:10F40000000000000825010020250100D8ED0000C3
:10F41000F4FE0000D02501005026010070EA000033
:10F4200000000000000000000000000000000000DC
:10F4300000000000000000000000000000000000CC
:10F4400000000000000000000000000000000000BC
:10F4500000000000000000000000000000000000AC
:10F46000000000000000000007000000B0120100D2
:10F47000ACF20000000000000000000000000000EE
:10F48000000000000000000000000000000000007C
:10F49000000000000000000000000000000000006C
:10F4A000000000000000000000000000000000005C
:10F4B000000000000000000000000000000000004C
:10F4C000000000000000000000000000000000003C
:10F4D00002000000674CEE52E640CE516D62C25F02
:10F4E000102700009033000000000000B01201005F
:10F4F000ACF200000000000000000000000000006E
:10F5000000000000000000000000000000000000FB
:10F5100000000000000000000000000000000000EB
:10F5200000000000000000000000000000000000DB
:10F5300000000000000000000000000000000000CB
:10F5400000000000000000000000000000000000BB
:10F550000200000038EB0000ACF1000098EB000066
:10F5600090130100A8010020740100200000000099
:10F57000000000000000000000000000000000008B
:10F58000000000000000000000000000000000007B
:10F59000000000000000000000000000000000006B
:10F5A000000000000000000000000000000000005B
:10F5B000000000000000000006000000B012010082
:10F5C000ACF200000000000000000000000000009D
:10F5D000000000000000000000000000000000002B
:10F5E000000000000000000000000000000000001B
:10F5F000000000000000000000000000000000000B
:10F6000000000000000000000000000000000000FA
:10F6100000000000000000000000000000000000EA
:10F62000020000000F3C704CA93819492554B15212
:10F6300010270000584D000000000000B53D5D4C53
:10F640006445FB516C5B8267C409000072060000D0
:10F650000000000090130100681D010098EF0000F9
:10F66000B01D010070EA0000000000000000000072
:10F67000000000000000000000000000000000008A
:10F68000000000000000000000000000000000007A
:10F69000000000000000000000000000000000006A
:10F6A000000000000000000000000000000000005A
:10F6B00000000000000000000500000088EA0000D3
:10F6C000000000000000000000000000000000003A
:10F6D000000000000000000000000000000000002A
:10F6E000000000000000000000000000000000001A
:10F6F000000000000000000000000000000000000A
:10F7000000000000000000000000000000000000F9
:10F7100000000000000000000000000000000000E9
:10F7200001000000A0EA000000000000000000004E
:10F7300000000000000000000000000000000000C9
:10F7400000000000000000000000000000000000B9
:10F7500000000000000000000000000000000000A9
:10F760000000000000000000000000000000000099
:10F770000000000000000000000000000000000089
:10F780000000000000000000010000002637BF4C10
:10F790002B4BF250484CED63A00F0000A00F00006F
:10F7A00000000000DE59EA3B2C37D4518158060591
:10F7B000983A0000AC26000000000000E36D4C3BCE
:10F7C000503E9751C761BE1E983A0000AC2600001B
:10F7D000000000002E404C3B503E9751E2589237BB
:10F7E000983A0000AC26000000000000D4FA0000A7
:10F7F000F833010000EF0000B8EA0000000000004C
:10F8000000000000000000000000000000000000F8
:10F8100000000000000000000000000000000000E8
:10F8200000000000000000000000000000000000D8
:10F8300000000000000000000000000000000000C8
:10F8400000000000000000000000000000000000B8
:10F8500004000000194D214A9A339D4CE55CC83ED6
:10F860000A280000E02E00000100000094F10000D2
:10F87000D4FF0000A02D01009019010080110100AB
:10F880009C1F0100B41F010068EB00000000000095
:10F890000000000000000000000000000000000068
:10F8A0000000000000000000000000000000000058
:10F8B0000000000000000000000000000000000048
:10F8C0000000000000000000000000000000000038
:10F8D0000800000094F1000064F2000020330100F1
:10F8E0007CF2000094F2000088140100A0140100D2
:10F8F0006828010000000000000000000000000077
:10F9000000000000000000000000000000000000F7
:10F9100000000000000000000000000000000000E7
:10F9200000000000000000000000000000000000D7
:10F9300000000000000000000800000094F100003A
:10F94000F802002010ED000058E8000070E8000008
:10F95000D4F4000074F30000B8350100000000008A
:10F960000000000000000000000000000000000097
:10F970000000000000000000000000000000000087
:10F980000000000000000000000000000000000077
:10F990000000000000000000000000000000000067
:10F9A0000800000006559D43DE50B851D74AED5C73
:10F9B000923B000090330000010000009858214362
:10F9C0003A4EC052D44CBD4F923B000090330000E1
:10F9D00000000000EF407338B1495851A25A4E540C
:10F9E000923B00009033000000000000B95A14362A
:10F9F000CE4485516758DD5C983A0000AC26000083
:10FA00000000000088EA0000A0EA0000B8EA000058
:10FA100070EA000070EA000070EA000070EA00007E
:10FA2000802201006C1F0100D0350100A02D0100D3
:10FA3000ACF200009013010074010020C93F1C4A81
:10FA4000CB448748F74EE968102700002067000084
:10FA500000000000F53B5357793BBB520B5C176627
:10FA6000A00F0000A00F00000000000028340100DB
:10FA70004034010088EA000000000000000000009F
:10FA80000000000000000000000000000000000076
:10FA90000000000000000000000000000000000066
:10FAA0000000000000000000000000000000000056
:10FAB0000000000000000000000000000000000046
:10FAC0000000000000000000000000000000000036
:10FAD00003000000144B79378D4F5750F74EE968FB
:10FAE00010270000C8190000000000000A379F31ED
:10FAF000C64CE1538C5A086888130000E40C0000DF
:10FB000000000000A8010020740100200000000097
:10FB100000000000000000000000000000000000E5
:10FB200000000000000000000000000000000000D5
:10FB300000000000000000000000000000000000C5
:10FB400000000000000000000000000000000000B5
:10FB500000000000000000000000000000000000A5
:10FB6000000000000000000002000000ED425E33D3
:10FB70008A55B051CF59174B401F00001027000085
:10FB80000000000038EB0000ACF1000098EB000032
:10FB9000A801002074010020000000000000000007
:10FBA0000000000000000000000000000000000055
:10FBB0000000000000000000000000000000000045
:10FBC0000000000000000000000000000000000035
:10FBD0000000000000000000000000000000000025
:10FBE00000000000000000000500000094F100008B
:10FBF000D4FF0000A02D0100901901008011010028
:10FC000000000000000000000000000000000000F4
:10FC100000000000000000000000000000000000E4
:10FC200000000000000000000000000000000000D4
:10FC300000000000000000000000000000000000C4
:10FC400000000000000000000000000000000000B4
:10FC50000500000094F1000064F200002033010070
:10FC60007CF2000094F200000000000000000000A0
:10FC70000000000000000000000000000000000084
:10FC80000000000000000000000000000000000074
:10FC90000000000000000000000000000000000064
:10FCA0000000000000000000000000000000000054
:10FCB00000000000000000000500000094F10000BA
:10FCC000F802002010ED000058E8000070E8000085
:10FCD0000000000000000000000000000000000024
:10FCE0000000000000000000000000000000000014
:10FCF0000000000000000000000000000000000004
:10FD000000000000000000000000000000000000F3
:10FD100000000000000000000000000000000000E3
:10FD2000050000008CF30000BCF30000ECF30000C1
:10FD300088EA000000000000000000000000000051
:10FD400000000000000000000000000000000000B3
:10FD500000000000000000000000000000000000A3
:10FD60000000000000000000000000000000000093
:10FD70000000000000000000000000000000000083
:10FD8000000000000000000004000000E01D010071
:10FD900070240100FC1F0100F02401003833010031
:10FDA0000000000000000000000000000000000053
:10FDB0000000000000000000000000000000000043
:10FDC0000000000000000000000000000000000033
:10FDD0000000000000000000000000000000000023
:10FDE0000000000000000000000000000000000013
:10FDF00005000000E01D0100501A01008CFF00000A
:10FE0000E41F0100C81D0100000000000000000008
:10FE100000000000000000000000000000000000E2
:10FE200000000000000000000000000000000000D2
:10FE300000000000000000000000000000000000C2
:10FE400000000000000000000000000000000000B2
:10FE5000000000000000000005000000FE437349A0
:10FE6000CF4E8850E062895E10270000903300007A
:10FE700000000000C0190100D8190100C8220100CB
:10FE8000F0190100081A0100201A0100B8EA000068
:10FE90000000000000000000000000000000000062
:10FEA0000000000000000000000000000000000052
:10FEB0000000000000000000000000000000000042
:10FEC0000000000000000000000000000000000032
:10FED0000000000000000000070000004E4B0D462F
:10FEE000CB417952425A6D3F581B0000401F000021
:10FEF000000000000F5D382E95534C4F1E5AC74529
:10FF0000581B0000E02E00000100000090130100CB
:10FF1000F0340100E81C0100083501002035010023
:10FF20003835010088EA00000000000000000000F1
:10FF300000000000000000000000000000000000C1
:10FF400000000000000000000000000000000000B1
:10FF500000000000000000000000000000000000A1
:10FF60000000000000000000000000000000000091
:10FF700007000000FA3EC33F3558A050F7550B5D0F
:10FF8000102700009033000000000000663D704420
:10FF90001C494551EA61153FA00F00007017000091
:10FFA000010000003D3A44530F423E513555FA647A
:10FFB000A00F0000A00F0000000000005B3F78448D
:10FFC0009355EE500559A55D1027000090330000B1
:10FFD000000000007E58623FA5499E53155BDB3D43
:10FFE0001027000090330000000000000000000017
:10FFF00000000000C4F2000000000000000000004B
:020000021000EC
:1000000000000000000000000000000000000000F0
:1000100000000000000000000000000000000000E0
:1000200000000000000000000000000000000000D0
:1000300000000000000000000000000000000000C0
:1000400000000000000000000000000000000000B0
:1000500000000000000000000000000000000000A0
:100060000000000000000000000000000000000090
:100070000000000000000000000000000000000080
:100080000000000000000000000000000000000070
:100090000000000000000000000000000000000060
:1000A0000000000000000000000000000000000050
:1000B0000000000000000000000000000000000040
:1000C0000000000000000000000000000000000030
:1000D0000000000000000000000000000000000020
:1000E0000000000000000000000000000000000010
:1000F0000000000000000000000000000000000000
:1001000000000000000000000000000000000000EF
:100110000000000000000000000000005035010059
:100120000029010068290100D0290100382A0100B6
:1001300004F4000040ED0000E825010074FE00001A
:1001400000000000000000000000000000000000AF
:10015000000000000000000000000000000000009F
:10016000000000000000000000000000000000008F
:10017000000000000000000000000000000000007F
:10018000000000000000000000000000000000006F
:10019000000000000000000000000000000000005F
:1001A000000000000000000000000000000000004F
:1001B000000000000000000004FB0000702C0100A3
:1001C000000000000000000000000000000000002F
:1001D0000000000038150100C812010000290100CC
:1001E00068290100D0290100382A0100A0E9000097
:1001F0000CFF0000D0EA0000002801000000000011
:100200000000000024FD000000000000301201008A
:1002100000000000ECF700000000000054F60000B1
:100220000000000030EF00000000000020E90000A6
:10023000000000008033010000000000D014010025
:100240000000000000000000481B0100000000004A
:10025000BCF60000000000000000000004F40000F4
:1002600040ED0000E825010074FE0000942001002C
:10027000FC200100642101000000000000000000DB
:10028000000000000000000000000000000000006E
:1002900000000000000000000000000058170100EE
:1002A000B01B0100A81801000000000000000000C1
:1002B000000000000000000000000000000000003E
:1002C0000000000000000000000000007034010089
:1002D000000000000000000000000000F02E0100FF
:1002E000ECF400000000000000000000A02A010063
:1002F00000000000000000000000000000000000FE
:1003000000000000000000000000000000000000ED
:1003100000000000000000000000000000000000DD
:1003200000000000000000000000000000000000CD
:1003300000000000000000000000000000000000BD
:1003400000000000000000000000000000000000AD
:10035000000000000000000000000000000000009D
:100360000000000000000000000000005025010017
:1003700000000000181C0100000000000000000048
:1003800024F700000000000004F4000040ED00002D
:10039000E825010074FE00000000000000000000DD
:1003A00000000000C01701002818010040320100C1
:1003B000000000000000000000000000000000003D
:1003C000000000000000000000000000000000002D
:1003D00000000000F02C01008CFD0000F4FD000086
:1003E000000000000000000000000000000000000D
:1003F0000000000000000000000000008824010050
:1004000000000000000000006C1E010080260100BA
:100410000000000000000000000000006CFA000076
:1004200000000000000000000000000000000000CC
:1004300000000000000000000000000000000000BC
:1004400000000000000000000000000000000000AC
:10045000000000000000000000000000000000009C
:10046000000000000000000000000000000000008C
:10047000000000000000000000000000000000007C
:10048000000000000000000000000000000000006C
:1004900000000000000000005025010000000000E6
:1004A000801C0100000000000000000000000000AF
:1004B000E835010004F4000040ED0000E8250100EB
:1004C00074FE0000000000000000000000000000BA
:1004D000000000000000000000000000B82D010036
:1004E000202E0100882E0100000000000000000006
:1004F00000000000000000000000000000000000FC
:10050000000000000000000000000000582F010063
:1005100040230100A82301000000000000000000AB
:10052000000000000000000000000000C8EF000014
:100530000000000008EA00006CF400000000000069
:10054000000000000000000000000000882B0100F7
:10055000000000000000000000000000000000009B
:10056000000000000000000000000000000000008B
:10057000000000000000000000000000000000007B
:10058000000000000000000000000000000000006B
:10059000000000000000000000000000000000005B
:1005A000000000000000000000000000000000004B
:1005B000000000000000000000000000000000003B
:1005C000000000005025010000000000001D010097
:1005D00018220100000000000000000000000000E0
:1005E00004F4000040ED0000E825010074FE000066
:1005F00000000000000000000000000000000000FB
:1006000000000000000000000000000000000000EA
:10061000000000006CF80000D4F800003CF9000075
:1006200000000000000000000000000000000000CA
:1006300000000000000000000000000000000000BA
:1006400000000000ECFB000054FC0000BCFC0000BB
:10065000000000000000000000000000D41E0100A7
:1006600010190100A0E800000000000000000000D8
:10067000000000000000000000000000082C010045
:10068000000000000000000000000000000000006A
:10069000000000000000000000000000000000005A
:1006A000000000000000000000000000000000004A
:1006B000000000000000000000000000000000003A
:1006C000000000000000000000000000000000002A
:1006D000000000000000000000000000000000001A
:1006E000000000000000000000000000000000000A
:1006F0005025010000000000000000000000000084
:1007000000000000000000000000000000000000E9
:1007100000000000000000000000000000000000D9
:1007200000000000000000000000000000000000C9
:1007300000000000000000000000000000000000B9
:1007400000000000000000000000000000000000A9
:100750000000000000000000000000000000000099
:100760000000000000000000000000000000000089
:100770000000000000000000000000000000000079
:100780000000000000000000000000000000000069
:100790000000000098EE00000000000000000000D3
:1007A0000000000000000000000000000000000049
:1007B0000000000000000000000000000000000039
:1007C0000000000000000000000000000000000029
:1007D000000000000000000010EC0000000000001D
:1007E0000000000000000000000000000000000009
:1007F00000000000000000000000000000000000F9
:1008000000000000000000000000000000000000E8
:1008100000000000000000000000000000000000D8
:1008200000000000000000000000000000000000C8
:1008300000000000000000000000000000000000B8
:1008400000000000000000000000000000000000A8
:100850000000000000000000000000000000000098
:100860000000000000000000000000000000000088
:100870000000000000000000000000000000000078
:100880000000000000000000000000000000000068
:100890000000000000000000000000000000000058
:1008A0000000000000000000000000000000000048
:1008B0000000000000000000000000000000000038
:1008C000F81D010000000000000000000000000012
:1008D0000000000000000000000000000000000018
:1008E0000000000000000000000000000000000008
:1008F00000000000000000000000000000000000F8
:1009000000000000C811010000000000000000000D
:1009100000000000000000000000000000000000D7
:1009200000000000000000000000000000000000C7
:1009300000000000000000000000000000000000B7
:1009400000000000000000000000000000000000A7
:100950000000000000000000000000000000000097
:100960000000000000000000000000000000000087
:100970000000000000000000000000000000000077
:100980000000000000000000000000000000000067
:100990000000000000000000000000000000000057
:1009A0000000000000000000000000000000000047
:1009B0000000000000000000000000000000000037
:1009C0000000000000000000000000000000000027
:1009D0000000000000000000000000000000000017
:1009E00000000000000000000000000084FB000088
:1009F00000000000000000000000000000000000F7
:100A000000000000000000000000000000000000E6
:100A100000000000000000000000000000000000D6
:100A200000000000000000000000000000000000C6
:100A300054F500000000000000000000000000006D
:100A400000000000000000000000000000000000A6
:100A50000000000000000000000000000000000096
:100A60000000000000000000000000000000000086
:100A70000000000000000000000000000000000076
:100A80000000000000000000000000000000000066
:100A900004F4000040ED0000E825010074FE0000B1
:100AA0000000000000000000000000000000000046
:100AB0000000000000000000000000000000000036
:100AC0000000000000000000000000000000000026
:100AD0000000000000000000000000000000000016
:100AE0000000000000000000000000000000000006
:100AF00000000000000000000000000000000000F6
:100B000000000000000000000000000000000000E5
:100B10000000000000000000082B010000000000A1
:100B200000000000000000000000000000000000C5
:100B300000000000000000000000000000000000B5
:100B400000000000000000000000000000000000A5
:100B500000000000000000000000000090EC000019
:100B60000000000000000000000000000000000085
:100B70000000000000000000000000000000000075
:100B80000000000000000000000000000000000065
:100B90000000000000000000000000000000000055
:100BA000000000000000000020140100C02F010020
:100BB0002830010090300100F830010004F40000FA
:100BC00040ED0000E825010074FE00000000000078
:100BD0000000000000000000000000000000000015
:100BE0000000000000000000000000000000000005
:100BF00000000000000000000000000000000000F5
:100C000000000000000000000000000000000000E4
:100C100000000000000000000000000000000000D4
:100C200000000000000000000000000000000000C4
:100C3000000000000000000000000000802701000C
:100C4000BCF50000C8360100702C01000000000057
:100C50000000000000000000000000000000000094
:100C6000000000000000000078310100182701009A
:100C70002C200100681A0100A0E900000CFF000010
:100C8000D0EA000000280100000000000000000081
:100C90000000000000000000000000000000000054
:100CA0000000000000000000000000000000000044
:100CB0000000000000000000000000000000000034
:100CC0000000000000000000000000000000000024
:100CD0000000000020140100C02F01002830010096
:100CE00090300100F830010004F4000040ED0000F5
:100CF000E825010074FE0000000000000000000074
:100D000000000000000000000000000000000000E3
:100D100000000000000000000000000000000000D3
:100D200000000000000000000000000000000000C3
:100D300000000000000000000000000000000000B3
:100D400000000000000000000000000000000000A3
:100D50000000000000000000000000000000000093
:100D60000000000000000000802701008027010033
:100D700004FB0000702C01000000000000000000D7
:100D80000000000000000000000000003815010015
:100D9000C812010078310100182701002C20010041
:100DA000681A0100000000000000000000000000C0
:100DB00000000000000000000000000024FD000012
:100DC000000000003012010000000000ECF70000FD
:100DD0000000000054F600000000000030EF0000AA
:100DE0000000000020E90000000000008033010046
:100DF00000000000000000000000000000000000F3
:100E000000000000000000000000000000000000E2
:100E100000000000000000000000000000000000D2
:100E200000000000000000000000000000000000C2
:100E300000000000000000000000000000000000B2
:100E400000000000000000000000000000000000A2
:100E50000000000000000000000000000000000092
:100E60000000000000000000000000000000000082
:100E70000000000000000000000000000000000072
:100E80000000000000000000000000000000000062
:100E90000000000000000000000000000000000052
:100EA0000000000000000000000000000000000042
:100EB0000000000000000000000000000000000032
:100EC0000000000000000000000000000000000022
:100ED0000000000000000000000000000000000012
:100EE0000000000000000000000000000000000002
:100EF00000000000000000000000000000000000F2
:100F000000000000000000000000000000000000E1
:100F100000000000000000000000000000000000D1
:100F200000000000000000000000000030F00000A1
:100F300000000000000000000000000000000000B1
:100F400000000000000000000000000000000000A1
:100F50000000000000000000000000000000000091
:100F60000000000000000000000000000000000081
:100F70000000000000000000000000000000000071
:100F80000000000000000000000000000000000061
:100F90000000000000000000000000000000000051
:100FA0000000000000000000000000000000000041
:100FB0000000000000000000000000000000000031
:100FC0000000000000000000C83601000000000022
:100FD0000000000000000000000000000000000011
:100FE0000000000000000000000000007831010057
:100FF000182701002C200100681A0100A0E9000058
:101000000CFF0000D0EA00000028010000000000F2
:1010100000000000000000000000000000000000D0
:1010200000000000000000000000000000000000C0
:1010300000000000000000000000000000000000B0
:1010400000000000000000000000000000000000A0
:10105000000000000000000020140100B81501008D
:101060002016010088160100F016010000000000A3
:101070000000000000000000000000000000000070
:101080000000000000000000000000000000000060
:101090000000000000000000000000000000000050
:1010A0000000000000000000000000000000000040
:1010B0000000000000000000000000000000000030
:1010C0000000000000000000000000000000000020
:1010D0000000000000000000000000000000000010
:1010E0000000000000000000000000000000000000
:1010F00000000000000000000000000000000000F0
:1011000000000000000000000000000000000000DF
:1011100000000000000000000000000000000000CF
:1011200000000000000000000000000000000000BF
:1011300000000000000000000000000000000000AF
:10114000000000000000000000000000000000009F
:10115000000000000000000000000000000000008F
:10116000000000000000000000000000000000007F
:10117000000000000000000000000000000000006F
:10118000074CC84C6249E451165AA45B1027000072
:101190001040000000000000EE398B4CA54C91502F
:1011A000BF500063102700009033000001000000D2
:1011B000B33FC53E3659BE507C55BD5F1027000079
:1011C00090330000000000003013010048130100BC
:1011D0006013010090130100A80100207401002099
:1011E00000000000000000000000000000000000FF
:1011F00000000000000000000000000000000000EF
:1012000000000000000000000000000000000000DE
:1012100000000000000000000000000000000000CE
:1012200000000000000000000000000006000000B8
:10123000A8190100A83201003CFA0000A0EA000051
:10124000000000000000000000000000000000009E
:10125000000000000000000000000000000000008E
:10126000000000000000000000000000000000007E
:10127000000000000000000000000000000000006E
:10128000000000000000000000000000000000005E
:101290000000000004000000FA463A33EC527F4E92
:1012A000834D166A30750000308E0000000000008B
:1012B0000A379F31C64CE1538C5A0868102700004A
:1012C000AC2600000000000090010020000000009B
:1012D000000000000000000000000000000000000E
:1012E00000000000000000000000000000000000FE
:1012F00000000000000000000000000000000000EE
:1013000000000000000000000000000000000000DD
:1013100000000000000000000000000000000000CD
:1013200000000000000000000000000001000000BC
:10133000BF33B04A884EC65093477A64401F0000BE
:101340004C1D0000000000001231074CC04B14522D
:101350006946006488130000701700000100000057
:101360002F379B4B094849547B4D046A8813000072
:101370007017000000000000C9322B399658274F23
:10138000E2572B6788130000E40C00000000000007
:101390004267A24D0147F050355D66697017000045
:1013A000B414000000000000A849AB4D013E8C536E
:1013B000455FEB5F10270000584D00000000000063
:1013C0005817010094200100B01B0100FC2001000F
:1013D000A818010064210100F02C0100C0170100D1
:1013E0008CFD000028180100F4FD000040320100CF
:1013F000582F0100B82D010040230100202E0100CC
:10140000A8230100882E0100ECFB00006CF800000E
:1014100054FC0000D4F80000BCFC00003CF90000C3
:101420006826010024F200000027010028230100A3
:1014300000000000000000000000000000000000AC
:10144000000000000000000000000000000000009C
:10145000000000000000000000000000000000008C
:10146000000000000000000000000000000000007C
:10147000000000000000000000000000000000006C
:1014800000000000040000005C4EE748A1508751B6
:101490009151876010270000903300000000000089
:1014A000A34E2D49145099512752846310270000F0
:1014B0009033000001000000ED3A5D3D3F597F513F
:1014C000C651A061881300007017000000000000E2
:1014D000D801002000000000000000000000000013
:1014E00000000000000000000000000000000000FC
:1014F00000000000000000000000000000000000EC
:1015000000000000000000000000000000000000DB
:1015100000000000000000000000000000000000CB
:1015200000000000000000000000000000000000BB
:101530000000000001000000681D010098EF00009D
:10154000B01D010070EA0000000000000000000073
:10155000000000000000000000000000000000008B
:10156000000000000000000000000000000000007B
:10157000000000000000000000000000000000006B
:10158000000000000000000000000000000000005B
:101590000000000000000000000000000400000047
:1015A0001E476E4E833258500F589B4E1027000036
:1015B000584D000000000000FC010020E031010057
:1015C00098120100F83101001032010028320100A8
:1015D00070EA0000000000000000000000000000B1
:1015E00000000000000000000000000000000000FB
:1015F00000000000000000000000000000000000EB
:1016000000000000000000000000000000000000DA
:1016100000000000000000000000000007000000C3
:10162000FC010020E031010098120100F8310100B6
:10163000103201002832010088EA0000000000009A
:10164000000000000000000000000000000000009A
:10165000000000000000000000000000000000008A
:10166000000000000000000000000000000000007A
:10167000000000000000000000000000000000006A
:101680000000000007000000FC010020E031010024
:1016900098120100F83101001032010028320100D7
:1016A000A0EA0000000000000000000000000000B0
:1016B000000000000000000000000000000000002A
:1016C000000000000000000000000000000000001A
:1016D000000000000000000000000000000000000A
:1016E00000000000000000000000000007000000F3
:1016F000FC010020E031010098120100F8310100E6
:101700001032010028320100B8EA00000000000099
:1017100000000000000000000000000000000000C9
:1017200000000000000000000000000000000000B9
:1017300000000000000000000000000000000000A9
:101740000000000000000000000000000000000099
:101750000000000007000000E826010040E800004B
:10176000802201006CFB0000BCFF00003C1F010058
:10177000C8F00000000000000000000000000000B1
:101780000000000000000000000000000000000059
:101790000000000000000000000000000000000049
:1017A0000000000000000000000000000000000039
:1017B0000000000000000000000000000700000022
:1017C000E01D0100D83201006C1F0100801D0100E6
:1017D000541F0100582D010038250100A4FF00000E
:1017E00000000000000000000000000000000000F9
:1017F00000000000000000000000000000000000E9
:1018000000000000000000000000000000000000D8
:1018100000000000000000000000000000000000C8
:101820000000000008000000E01D0100702401001D
:10183000FC1F0100F024010038330100C032010018
:10184000981101008CF7000000000000000000006B
:101850000000000000000000000000000000000088
:101860000000000000000000000000000000000078
:101870000000000000000000000000000000000068
:101880000000000000000000000000000800000050
:10189000AA4792457F3EA23CC1565939923B00006F
:1018A000AC26000001000000E8260100C0ED0000A9
:1018B00028E8000088E8000050360100301B0100D5
:1018C000C8F0000000000000000000000000000060
:1018D0000000000000000000000000000000000008
:1018E00000000000000000000000000000000000F8
:1018F00000000000000000000000000000000000E8
:1019000000000000000000000000000007000000D0
:10191000ECFA0000ACF20000000000000000000043
:1019200000000000000000000000000000000000B7
:1019300000000000000000000000000000000000A7
:101940000000000000000000000000000000000097
:101950000000000000000000000000000000000087
:101960000000000000000000000000000000000077
:101970000000000002000000C9322B399658274FA2
:10198000E2572B67C4090000720600000000000047
:101990004C4DD746A84945525D59A34F102700002A
:1019A0001040000000000000B1433446E3405750AF
:1019B000F74EE96810270000C81900000000000079
:1019C000E1457B428D4AF852EA50A268581B00005C
:1019D000C409000001000000CF4E1A422C422D53D2
:1019E000E159F749204E0000D05C000000000000E3
:1019F000315E4642074C5A52765A1B41581B000032
:101A0000E02E000001000000955BD63FB0424D5231
:101A10007E5B9345983A0000584D0000000000009E
:101A2000F454243F90447154495BC14D983A0000EE
:101A3000584D00000000000050523B448442733F68
:101A4000734DBD4F923B0000903300000100000039
:101A5000A33D8E4038474651BD625D3E10270000D1
:101A6000903300000000000090130100B8EA00006D
:101A70000000000000000000000000000000000066
:101A80000000000000000000000000000000000056
:101A90000000000000000000000000000000000046
:101AA0000000000000000000000000000000000036
:101AB0000000000000000000000000000000000026
:101AC0000000000000000000000000000200000014
:101AD000DE442154B33F7F518E54AC631027000085
:101AE0009033000001000000E34C405010330851D7
:101AF000426BB350923B0000584D000001000000C3
:101B0000BB503F514731EC38366D7538923B000081
:101B10009033000001000000A1500052AF32E438C1
:101B2000246E8234C91D0000C819000000000000A6
:101B3000D83D65461A535652AD58B462701700002E
:101B400070170000000000006826010024F2000069
:101B50000027010028230100000000000000000011
:101B60000000000000000000000000000000000075
:101B70000000000000000000000000000000000065
:101B80000000000000000000000000000000000055
:101B90000000000000000000000000000000000045
:101BA0000000000000000000000000000400000031
:101BB000E8260100E8260100CC1F010098F0000093
:101BC000B0F0000074FF0000C8F00000000000004A
:101BD0000000000000000000000000000000000005
:101BE00000000000000000000000000000000000F5
:101BF00000000000000000000000000000000000E5
:101C000000000000000000000000000000000000D4
:101C100000000000070000006826010024F2000018
:101C20000027010028230100000000000000000040
:101C300000000000000000000000000000000000A4
:101C40000000000000000000000000000000000094
:101C50000000000000000000000000000000000084
:101C60000000000000000000000000000000000074
:101C70000000000000000000000000000400000060
:101C80006826010024F2000000270100282301003B
:101C90000000000000000000000000000000000044
:101CA0000000000000000000000000000000000034
:101CB0000000000000000000000000000000000024
:101CC0000000000000000000000000000000000014
:101CD0000000000000000000000000000000000004
:101CE0000000000004000000F33C79441C40A853AD
:101CF000B35A7E47204E0000D05C00000000000078
:101D00006826010024F200000027010028230100BA
:101D100000000000000000000000000000000000C3
:101D200000000000000000000000000000000000B3
:101D300000000000000000000000000000000000A3
:101D40000000000000000000000000000000000093
:101D50000000000000000000000000000000000083
:101D600000000000040000005736322FC6535750C1
:101D7000F74E1D7110270000C81900000000000078
:101D8000813C8648B446F552E258AF4C102700001B
:101D90009033000000000000F03FA742BF55FB4F0A
:101DA000E959295D10270000903300000000000071
:101DB00063341A33AE578748F74E1D71983A0000C6
:101DC0002067000000000000653E49587339EC525E
:101DD000FD609860102700009033000000000000B4
:101DE000BF3C2944A13F8C523159434E983A0000E0
:101DF000584D00000000000030130100481301009E
:101E000060130100A8010020740100200000000000
:101E100000000000000000000000000000000000C2
:101E200000000000000000000000000000000000B2
:101E300000000000000000000000000000000000A2
:101E40000000000000000000000000000000000092
:101E5000000000000000000000000000050000007D
:101E60005951D944531D5949F444AD2CECFA0000A2
:101E7000ACF20000000000000000000000000000C4
:101E80000000000000000000000000000000000052
:101E90000000000000000000000000000000000042
:101EA0000000000000000000000000000000000032
:101EB0000000000000000000000000000000000022
:101EC0000000000000000000000000000000000012
:101ED00002000000A8130100E81A0100001B010025
:101EE000181B0100001B0100E81A0100D4F30000D8
:101EF000A4F90000BCF90000A4F90000D4F300002C
:101F000000000000000000000000000000000000D1
:101F100000000000000000000000000000000000C1
:101F200000000000000000000000000000000000B1
:101F300000000000000000000B000000D83D6546D6
:101F40001A535652AD58ED62881300007017000006
:101F500000000000AE3BC152E44200517058B55F32
:101F6000102700009033000000000000E03EF03F2A
:101F7000E24CE951385B2F3F100E00009411000035
:101F80000100000086407C411E575C50B559146129
:101F90001027000090330000010000004D4C174D49
:101FA0004F4AE0518059275F10270000903300000E
:101FB00000000000A54C0E4DF64AF151BE5950628A
:101FC0001027000090330000010000001E57C62DAE
:101FD00056546E501552CC407C150000401F000036
:101FE00001000000663DAE4BF84061517A5F594AEE
:101FF00010270000903300000000000057433D3AD6
:102000004851825218501440A00F00007017000071
:10201000010000008A4C3F484345E8519B516C4009
:10202000B80B0000A00F0000010000009013010099
:10203000A0EA000000000000000000000000000016
:102040000000000000000000000000000000000090
:102050000000000000000000000000000000000080
:102060000000000000000000000000000000000070
:102070000000000000000000000000000000000060
:102080000000000000000000000000000000000050
:1020900002000000E826010040E800008022010064
:1020A0006CFB0000BCFF0000981D0100841F0100B4
:1020B0003C1F0100C8F0000000000000000000000C
:1020C0000000000000000000000000000000000010
:1020D0000000000000000000000000000000000000
:1020E00000000000000000000000000000000000F0
:1020F000000000000000000009000000E8260100C8
:10210000E8260100CC1F010098F00000B0F00000AC
:1021100074FF0000B011010040240100B814010058
:10212000C8F00000000000000000000000000000F7
:10213000000000000000000000000000000000009F
:10214000000000000000000000000000000000008F
:10215000000000000000000000000000000000007F
:102160000A000000E8260100C0ED000028E8000099
:1021700088E800005CFE00005CF30000301B0100FA
:10218000C8F0000000000000000000000000000097
:10219000000000000000000000000000000000003F
:1021A000000000000000000000000000000000002F
:1021B000000000000000000000000000000000001F
:1021C000000000000000000008000000010C0203F5
:1021D00004050203040506060607070708080809A0
:1021E000090906060607070708080809090902037E
:1021F00004050B0B0A0B0203040502020B02030485
:1022000005020304050D030304040505020203038C
:102210000404050502010E0070EA00000000000041
:1022200000000000000000000000000000000000AE
:10223000000000000000000000000000000000009E
:10224000000000000000000000000000000000008E
:10225000000000000000000000000000000000007E
:10226000000000000000000000000000000000006E
:10227000000000000000000000000000010000005D
:10228000AC4E032EC153E14F0E59DF3F282300000F
:102290001027000001000000F15113403D424E5252
:1022A0005C5A6340983A0000584D0000000000005E
:1022B000533E4157C13A38512061F15F1027000069
:1022C0009033000000000000FE5B7C41B84B2E52B2
:1022D0007F5A1142581B0000E02E00000100000050
:1022E000B33FFD3BB35879523041C75E923B00008B
:1022F00040380000010000007746BA382055ED5103
:10230000AD403E53923B0000403800000100000009
:102310002449C3400347B0302B671229923B000089
:102320009033000001000000D9443431F75A7D4257
:102330008A380E771027000090330000000000005C
:1023400028240100583401001420010088E900000D
:10235000D834010000000000000000000000000070
:10236000000000000000000000000000000000006D
:10237000000000000000000000000000000000005D
:10238000000000000000000000000000000000004D
:10239000000000000000000000000000000000003D
:1023A000000000000500000028240100582401005E
:1023B00080360100E828010080EE000000000000E7
:1023C000000000000000000000000000000000000D
:1023D00000000000000000000000000000000000FD
:1023E00000000000000000000000000000000000ED
:1023F00000000000000000000000000000000000DD
:1024000000000000000000000000000005000000C7
:10241000B53D5D4C6445FB516C5B826788130000E1
:10242000E40C0000000000007746F64AA1378A530A
:10243000A459454C983A0000584D00000000000097
:10244000A940763E2E5941514F5648611027000051
:1024500090330000010000007548C348DF3F32534D
:102460006D631E3F70170000701700000000000031
:1024700033445A37A44D9D5278518F4010270000A5
:10248000903300000000000024F600000CF2000071
:102490009018010008330100901801000CF20000B0
:1024A000C4F10000E0220100F8220100E022010056
:1024B000A8ED000000000000000000000000000087
:1024C000000000000000000000000000000000000C
:1024D00000000000000000000000000000000000FC
:1024E0000000000000000000000000000B000000E1
:1024F000053D8D41284E44532752B84B102700000C
:10250000903300000000000042356C374752B25251
:102510004D4FA268581B0000A00F000001000000F2
:102520006F452A33A849865267584749204E000014
:10253000D05C000000000000293CDC522243AB507C
:10254000C55A00631027000090330000010000000E
:10255000F8EC0000F4F100000000000000000000B2
:10256000000000000000000000000000000000006B
:10257000000000000000000000000000000000005B
:10258000000000000000000000000000000000004B
:10259000000000000000000000000000000000003B
:1025A000000000000000000000000000000000002B
:1025B0000000000002000000834B7A53DF2E8235BA
:1025C00086647C28102700004C1D000000000000DD
:1025D000895EF02E4F4A6952AC59DF46983A0000A6
:1025E000584D000000000000C8EB0000E0EB0000C8
:1025F000B0EF0000F8EB00009822010078EC00003A
:10260000A0EA000000000000000000000000000040
:1026100000000000000000000000000000000000BA
:1026200000000000000000000000000000000000AA
:10263000000000000000000000000000000000009A
:102640000000000000000000000000000700000083
:102650009947F72F394C0555905B3852204E0000B2
:10266000D05C0000000000009F4A742E8C4C575034
:10267000C148E96810270000102700000000000092
:10268000B0120100ACF200000000000000000000E9
:10269000000000000000000000000000000000003A
:1026A000000000000000000000000000000000002A
:1026B000000000000000000000000000000000001A
:1026C000000000000000000000000000000000000A
:1026D00000000000000000000000000000000000FA
:1026E00000000000020000004E4B142FC24A93521B
:1026F00089594948983A0000584D000000000000F0
:102700007D3FC03213519B46A636ED741027000062
:1027100090330000000000009013010088EA0000E0
:1027200000000000000000000000000000000000A9
:102730000000000000000000000000000000000099
:102740000000000000000000000000000000000089
:102750000000000000000000000000000000000079
:102760000000000000000000000000000000000069
:102770000000000000000000000000000200000057
:10278000ECFA0000ACF200000000000000000000C5
:102790000000000000000000000000000000000039
:1027A0000000000000000000000000000000000029
:1027B0000000000000000000000000000000000019
:1027C0000000000000000000000000000000000009
:1027D00000000000000000000000000000000000F9
:1027E00000000000020000009C447448674434521A
:1027F0002147935E88130000581B00000100000071
:1028000090130100C0190100D8190100F01901004E
:10281000081A0100201A0100B8EA000000000000B8
:1028200000000000000000000000000000000000A8
:102830000000000000000000000000000000000098
:102840000000000000000000000000000000000088
:102850000000000000000000000000000000000078
:1028600000000000070000002B4B1A48AF502A520E
:102870000551D46288130000881300000000000096
:10288000A4F70000BCF70000D4F70000ECF900004A
:102890000000000000000000000000000000000038
:1028A0000000000000000000000000000000000028
:1028B0000000000000000000000000000000000018
:1028C0000000000000000000000000000000000008
:1028D00000000000000000000000000000000000F8
:1028E0000000000004000000A44538574E328B530E
:1028F0004C61C74F1027000010400000000000008E
:1029000070EA00000000000000000000000000006D
:1029100000000000000000000000000000000000B7
:1029200000000000000000000000000000000000A7
:102930000000000000000000000000000000000097
:102940000000000000000000000000000000000087
:102950000000000000000000000000000000000077
:10296000000000000100000088EA000000000000F4
:102970000000000000000000000000000000000057
:102980000000000000000000000000000000000047
:102990000000000000000000000000000000000037
:1029A0000000000000000000000000000000000027
:1029B0000000000000000000000000000000000017
:1029C0000000000000000000000000000100000006
:1029D000A0EA00000000000000000000000000006D
:1029E00000000000000000000000000000000000E7
:1029F00000000000000000000000000000000000D7
:102A000000000000000000000000000000000000C6
:102A100000000000000000000000000000000000B6
:102A200000000000000000000000000000000000A6
:102A30000000000001000000B8EA000000000000F3
:102A40000000000000000000000000000000000086
:102A50000000000000000000000000000000000076
:102A60000000000000000000000000000000000066
:102A70000000000000000000000000000000000056
:102A80000000000000000000000000000000000046
:102A90000000000000000000000000000100000035
:102AA000781901007813010070EA000000000000AE
:102AB0000000000000000000000000000000000016
:102AC0000000000000000000000000000000000006
:102AD00000000000000000000000000000000000F6
:102AE00000000000000000000000000000000000E6
:102AF00000000000000000000000000000000000D6
:102B000000000000030000004CF200002CF3000065
:102B100044F30000A8010020740100200000000020
:102B200000000000000000000000000000000000A5
:102B30000000000000000000000000000000000095
:102B40000000000000000000000000000000000085
:102B50000000000000000000000000000000000075
:102B60000000000000000000000000000500000060
:102B700074726830574D4B5287821D22983A00007C
:102B80004C1D0000000000003CF600001024010075
:102B9000A0EA0000000000000000000000000000AB
:102BA0000000000000000000000000000000000025
:102BB0000000000000000000000000000000000015
:102BC0000000000000000000000000000000000005
:102BD00000000000000000000000000000000000F5
:102BE00000000000000000000000000003000000E2
:102BF00074720430F652F0439F7E1D225C44000044
:102C00003C5A00000000000018EF000010340100E2
:102C1000B8EA000000000000000000000000000012
:102C200000000000000000000000000000000000A4
:102C30000000000000000000000000000000000094
:102C40000000000000000000000000000000000084
:102C50000000000000000000000000000000000074
:102C60000000000000000000000000000300000061
:102C700090010020000000000000000000000000A3
:102C80000000000000000000000000000000000044
:102C90000000000000000000000000000000000034
:102CA0000000000000000000000000000000000024
:102CB0000000000000000000000000000000000014
:102CC0000000000000000000000000000000000004
:102CD000000000000100000051381F32E44E984E01
:102CE0004A523E5B5C4400003C5A00000000000079
:102CF000E01D0100D83201006C1F0100801D0100A1
:102D0000541F01000000000000000000000000004F
:102D100000000000000000000000000000000000B3
:102D200000000000000000000000000000000000A3
:102D30000000000000000000000000000000000093
:102D40000000000000000000000000000000000083
:102D500000000000050000000F3C72531A427E5133
:102D6000FA5A87601027000090330000000000002E
:102D70006F453651823B3B538959BD4F10270000A8
:102D800010400000000000005C36823B1F56AA5233
:102D9000F450CE687C1500007017000000000000A1
:102DA000FC559641084B3C52EC570241A00F0000E5
:102DB000A00F00000100000028240100DCFE00003C
:102DC000D0350100702D010080EE000080EB000086
:102DD00060310100A4F300000000000000000000CA
:102DE00000000000000000000000000000000000E3
:102DF00000000000000000000000000000000000D3
:102E000000000000000000000000000000000000C2
:102E100000000000000000000000000008000000AA
:102E200028240100583401001420010088E9000022
:102E3000D8340100F0320100D01A010050330100F3
:102E40000000000000000000000000000000000082
:102E50000000000000000000000000000000000072
:102E60000000000000000000000000000000000062
:102E70000000000000000000000000000000000052
:102E80000000000008000000282401005824010070
:102E900080360100E828010080EE000080EB000091
:102EA00060310100A4F300000000000000000000F9
:102EB0000000000000000000000000000000000012
:102EC0000000000000000000000000000000000002
:102ED00000000000000000000000000000000000F2
:102EE00000000000000000000000000008000000DA
:102EF000ECFA0000ACF2000000000000000000004E
:102F000000000000000000000000000000000000C1
:102F100000000000000000000000000000000000B1
:102F200000000000000000000000000000000000A1
:102F30000000000000000000000000000000000091
:102F40000000000000000000000000000000000081
:102F5000000000000200000028240100DCFE000048
:102F6000D0350100702D010080EE0000000000004F
:102F70000000000000000000000000000000000051
:102F80000000000000000000000000000000000041
:102F90000000000000000000000000000000000031
:102FA0000000000000000000000000000000000021
:102FB000000000000000000000000000050000000C
:102FC00070EA0000000000000000000000000000A7
:102FD00000000000000000000000000000000000F1
:102FE00000000000000000000000000000000000E1
:102FF00000000000000000000000000000000000D1
:1030000000000000000000000000000000000000C0
:1030100000000000000000000000000000000000B0
:10302000000000000100000088EA0000000000002D
:103030000000000000000000000000000000000090
:103040000000000000000000000000000000000080
:103050000000000000000000000000000000000070
:103060000000000000000000000000000000000060
:103070000000000000000000000000000000000050
:10308000000000000000000000000000010000003F
:10309000A0EA0000000000000000000000000000A6
:1030A0000000000000000000000000000000000020
:1030B0000000000000000000000000000000000010
:1030C0000000000000000000000000000000000000
:1030D00000000000000000000000000000000000F0
:1030E00000000000000000000000000000000000E0
:1030F0000000000001000000B8EA0000000000002D
:1031000000000000000000000000000000000000BF
:1031100000000000000000000000000000000000AF
:10312000000000000000000000000000000000009F
:10313000000000000000000000000000000000008F
:10314000000000000000000000000000000000007F
:10315000000000000000000000000000010000006E
:10316000FD4403585039E7519A5AEE621027000087
:1031700090330000010000009013010070EA00008D
:10318000000000000000000000000000000000003F
:10319000000000000000000000000000000000002F
:1031A000000000000000000000000000000000001F
:1031B000000000000000000000000000000000000F
:1031C00000000000000000000000000000000000FF
:1031D00000000000000000000000000002000000ED
:1031E0003A4DF531CF54904FAF45166A4C1D000053
:1031F0004C1D000000000000D94D55325652884F3A
:103200006E49166AA86100002067000000000000F7
:103210001B4944324D52994F684E166A204E0000A9
:103220002067000000000000C74D18321952E84F17
:10323000494A166A204E0000206700000000000086
:10324000E01D0100501A01008CFF0000E41F010086
:10325000C81D0100B022010050EB000054FA00002C
:10326000000000000000000000000000000000005E
:10327000000000000000000000000000000000004E
:10328000000000000000000000000000000000003E
:10329000000000000000000000000000000000002E
:1032A0000000000008000000C93F1C4ACB4427581A
:1032B000F74EE968102700002067000000000000BA
:1032C000CB39174D184C4A515E50F0601027000062
:1032D0009033000000000000993FD438BB48F651FD
:1032E000F359903F102700009033000000000000C9
:1032F000B644ED530240AB507C54406110270000AF
:103300009033000000000000E740F848393E3934AF
:10331000615EE32B923B0000AC2600000100000040
:103320002D5A0743584A9452CF51903FA00F0000A6
:103330007017000001000000B939384F3E4AF551BE
:1033400077510C611027000090330000000000004E
:103350001A42B853A9405F528150C864B80B0000AC
:10336000B80B0000000000009D4BDD49F33D4332E7
:103370007E63C13B923B00009033000001000000DF
:1033800090130100D4FA0000F833010000EF0000B0
:10339000B8EA00000000000000000000000000008B
:1033A000000000000000000000000000000000001D
:1033B000000000000000000000000000000000000D
:1033C00000000000000000000000000000000000FD
:1033D00000000000000000000000000000000000ED
:1033E0000000000005000000703401008824010086
:1033F000C8EF0000D41E01002049553D81512758D7
:10340000F74EE96810270000206700000000000068
:10341000D342523DEA544351595C69668813000017
:10342000E40C0000000000003A358B4A284ACE50D8
:1034300029586F66C40900007206000000000000F1
:103440003A358B4A284ACE5029586F6688130000B7
:10345000E40C0000000000004050C745EE41E75278
:103460001F51C43F581B0000401F00000000000017
:1034700008E90000683301001023010068330100EF
:1034800008E90000D4F9000028ED0000381A010016
:1034900028ED0000D4F9000000000000000000004A
:1034A000000000000000000000000000000000001C
:1034B000000000000000000000000000000000000C
:1034C00000000000000000000000000000000000FC
:1034D000000000000A000000F543FE53F93F64516C
:1034E000B3531E5F1027000090330000000000005F
:1034F000A2360E4D0C3FA952ED4E5268581B0000EB
:10350000C40900000100000031458431B655C551A1
:103510007759F13E581B0000E02E0000010000002A
:103520005545D3314F4AE352B6595842204E000018
:10353000D05C000000000000393E673A2348DC52AE
:10354000254C8455204E0000D05C00000000000097
:103550006826010024F20000002701002823010052
:10356000000000000000000000000000000000005B
:10357000000000000000000000000000000000004B
:10358000000000000000000000000000000000003B
:10359000000000000000000000000000000000002B
:1035A000000000000000000000000000000000001B
:1035B0000000000004000000124A9E519C4100528D
:1035C0006A5E20628813000088130000000000007B
:1035D000D5487B4A0942A052AA5B7D40B80B000047
:1035E000A00F000001000000B8EA00000000000089
:1035F00000000000000000000000000000000000CB
:1036000000000000000000000000000000000000BA
:1036100000000000000000000000000000000000AA
:10362000000000000000000000000000000000009A
:10363000000000000000000000000000000000008A
:103640000000000000000000000000000100000079
:103650001943C14A424EF5527F62A2601027000012
:10366000584D00000000000074720430574D835123
:1036700027791D225C440000B34C000000000000CC
:10368000D7463A4D413F6C51E063F23E881300004B
:10369000941100000100000074720430574D8351F2
:1036A0009F7E1D225C4400003C5A00000000000088
:1036B0009B667F2EB44C3F52725E78475C4400009C
:1036C0003C5A000000000000C0010020A8010020BA
:1036D0007401002000000000000000000000000055
:1036E00000000000000000000000000000000000DA
:1036F00000000000000000000000000000000000CA
:1037000000000000000000000000000000000000B9
:1037100000000000000000000000000000000000A9
:103720000000000000000000000000000300000096
:103730009146564A4B3B34531C54665010270000A8
:10374000584D00000000000000C767A0CE09A96E18
:1037500075B212D5BB7CDC1BEA2D8D4A24E3438471
:103760009F58F83F519636F13DFA5A9DF3349453E1
:10377000488F2FE88641E126D710B07719DE7EB951
:10378000A265C5026CAB0BCC7ABD1DDAB473D31441
:103790000FC868AFC106A6619057F7305E9939FE31
:1037A000E52282452BEC4C8B478020E7894EEE29A1
:1037B00032F55592FC3B9B5CAD6ACA0D63A404C311
:1037C000D81FBF7816D171B6F43393543AFD5D9A81
:1037D0008146E6214F8828EF1ED979BED017B770F1
:1037E0006BAC0CCBA562C205C90EAE6907C060A761
:1037F000BC7BDB1C72B515D223E44483ED2A8A4DD1
:10380000569131F6985FFF388E49E92E408727E0C0
:10381000FB3C9C5B35F2529564A303C4AA6DCD0AB0
:1038200011D676B1DF18B87FB374D4137DBA1ADD20
:10383000C601A16608CF6FA8599E3EF99750F03790
:103840002CEB4B8CE22585420000000003836BF2D9
:10385000F7703BE1F4F350131F979AC71C14F1352E
:10386000E8E7A126EB64CAD4CF58D98ACCDBB2787A
:103870003828E26B3BAB8999D0CF434DD34C28BF5E
:1038800027BF78AC243C135E6FC75E106C4435E2F2
:1038900098B765F19B340E037050C4D773D3AF252E
:1038A0008720FF3684A394C4A09F879AA31CEC684A
:1038B00057EFBC7B546CD789BF081D5DBC8B76AFBE
:1038C000487826BC4BFB4D4EDE8EBD20DD0DD6D29A
:1038D00029FE86C12A7DED33C11927E7C29A4C150E
:1038E00036691C0635EA77F411D664AA12550F58CA
:1038F000E6A65F4BE52534B90E41FE6D0DC2959FDE
:10390000F931C58CFAB2AE7EB149E330B2CA88C291
:103910004639D8D145BAB323AEDE79F7AD5D12058D
:1039200059AE42165A2D29E47E113ABA7D92514879
:103930008961015B8AE26AA96186A07D6205CB8FFD
:1039400096F69B9C9575F06EBC1D7B41BF9E10B397
:103950004B6D40A048EE2B52A38AE186A0098A74E1
:1039600054FADA675779B1957345A2CB70C6C93955
:103970008435992A87B6F2D86CD2380C6F5153FE31
:103980009BA203ED9821681FD3DA2551D0594EA38D
:1039900024AA1EB027297542CC4DBF96CFCED46441
:1039A0003B3D847738BEEF851C82FCDB1F019729E5
:1039B000EBF2C73AE871ACC80315661C00960DEE31
:1039C000F4655DFDF7E6360F6293C6616110AD9355
:1039D00095E3FD80966096727D045CA67E873754E1
:1039E0008A74674789F70CB5ADCB1FEBAE487419E5
:1039F0005ABB240A59384FF8B25C852CB1DFEEDE91
:103A0000452CBECD46AFD53F0D5498710ED7F383EC
:103A1000FA24A390F9A7C86212C302B61140694400
:103A2000E5B33957E63052A5C20C41FBC18F2A09D4
:103A3000357C7A1A36FF11E8DD9BDB3CDE18B0CE10
:103A40002AEBE0DD29688B2F783BF6827BB89D70EE
:103A50008F4BCD638CC8A69167AC6C45642F07B7BC
:103A600090DC57A4935F3C56B7632F08B4E044FA48
:103A7000401314E943907F1BA8F4B5CFAB77DE3D2C
:103A80005F848E2E5C07E5DC17FCA892147FC36070
:103A9000E08C9373E30FF881086B32550BE859A75C
:103AA000FF1B09B4FC986246D8A47118DB271AEAF8
:103AB0002FD44AF92C57210BC733EBDFC4B0802D2C
:103AC0003043D03E33C0BBCCA6B54BA2A536205068
:103AD00051C5704352461BB1B922D165BAA1BA97FC
:103AE0004E52EA844DD1817669ED92286A6EF9DAF8
:103AF0009E9DA9C99D1EC23B767A08EF75F9631D8C
:103B0000810A330E828958FCC97215B2CAF17E400F
:103B10003E022E533D8145A1D6E58F75D566E487DB
:103B20002195B4942216DF66062ACC3805A9A7CAC7
:103B3000F15AF7D9F2D99C2B19BD56FF1A3E3D0D0B
:103B4000EECD6D1EED4E06ECC4268DC3C7A5E63145
:103B50003356B62230D5DDD0DBB11704D8327CF62F
:103B60002CC12CE52F4247170B7E544908FD3FBB63
:103B7000FC0E6FA8FF8D045A14E9CE8E176AA57C3F
:103B8000E399F56FE01A9E9DABE1D3D3A862B8210B
:103B90005C91E8325F1283C0B4764914B7F522E62F
:103BA000430672F54085190764B90A59673A61AB53
:103BB00093C931B8904A5A4A7B2E909E78ADFB6CDF
:103BC0008C5EAB7F8FDDC08D1AA830E3192B5B11A3
:103BD000EDD80B02EE5B60F0053FAA2406BCC1D60F
:103BE000F24F91C5F1CCFA37D5F0E969D673829BD3
:103BF0002280D2882103B97ACA6773AEC9E4185CFF
:103C00003D17484F3E9423BD756F6EF376EC05016A
:103C1000821F5512819C3EE06AF8F434697B9FC68E
:103C20009D88CFD59E0BA427BA37B779B9B4DC8B62
:103C30004D478C984EC4E76AA5A02DBEA623464CDE
:103C400052D0165F51537DAD0004000000286BEE8A
:103C500000020000009435770001000000CA9A3B82
:103C6000010800000008AF2F010400000084D717EE
:103C70000102000000C2EB0B0101000000E1F505AC
:103C80000208000000B4C40402040000005A6202EA
:103C900002020000002D3101020100008096980010
:103CA0000308000000127A000304000000093D0030
:103CB0000302000080841E000301000040420F0048
:103CC0000408000000350C0004040000801A0600FF
:103CD00004020000400D030004010000A086010062
:103CE000050800008038010005040000409C000029
:103CF00005020000204E0000050100001027000012
:103D000006080000401F000006040000A00F00008D
:103D100006020000D007000006010000E8030000D2
:103D200007080000200300000704000090010000C5
:103D300007020000C8000000070100006400000046
:103D400008080000500000000804000028000000DF
:103D50000802000014000000080100000A00000032
:103D60000908000008000000090400000400000029
:103D7000090200000200000009010000010000002B
:103D8000433A2F446573696E2F4F626947656E32FF
:103D9000434D5556362E312E312D4465766961746A
:103DA000696F6E312F536F757263652F4465766945
:103DB00063652F536F757263652F44656275672E57
:103DC0006300417373657274204661696C65642099
:103DD000002800005DAB0000F92D0000F92D000067
:103DE000F92D00005DAB0000F92D0000B9110000B5
:103DF0005DAB0000298300002983000029830000B7
:103E00002983000029830000298300002983000002
:103E10002983000029830000F92D000095AF0000E0
:103E2000B9110000E9B100002983000029830000D6
:103E300029830000E9B00000611E000069D1000084
:103E400049B10000B91100005DAB00005DAB00009E
:103E50005DAB00005DAB00005DAB00005DAB000042
:103E60005DAB00005DAB00005DAB00005DAB000032
:103E70005DAB00005DAB00005DAB00005DAB000022
:103E80005DAB00005DAB00005DAB00005DAB000012
:103E90005DAB00005DAB00005DAB00005DAB000002
:103EA0005DAB00005DAB00005DAB00005DAB0000F2
:103EB0005DAB00005DAB000005CF0000F92D0000F8
:103EC00075560000755600005DAB00005DAB00004C
:103ED0005DAB000075560000755600007556000079
:103EE000755600005DAB00005DAB00005DAB0000EF
:103EF0005DAB000071D200005DAB00005DAB000067
:103F00005DAB0000755600005DAB0000B91100000C
:103F1000B9110000B9110000B9110000152200000C
:103F200039D50000C1B5000035CC0000E1BB000070
:103F3000B5D10000C9230000D5C50000A983000049
:103F40001D820000D174000071250000051B0000D7
:103F5000CDBA0000A9B1000021CE0000F5CF0000CD
:103F6000251E000001AD000081520000B9AA00002A
:103F7000A96A0000433A2F446573696E2F4F626946
:103F800047656E32434D5556362E312E312D4465E0
:103F900076696174696F6E312F536F757263652F27
:103FA0004465766963652F536F757263652F4B693E
:103FB0006E656D61746963732E6300067E4D747265
:103FC00054656D70732C002C4D74724C6F6164736A
:103FD0000000000000000000000000000000067E5D
:103FE0004D7472506F73542F4672616D652F427716
:103FF0006C2F5074682C002C56656C436D647300F4
:104000002C5072657356656C73002C506F7345723B
:104010007273002C44656C746156002C546F74618B
:104020006C56436D640026384C528A94B14E0100A0
:10403000C84E0100DF4E0100F64E01000D4F010099
:10404000244F0100272027202D20446973656E67C7
:104050006167650A0027312D342027202D204D6F00
:10406000766520746F204E65772F57697468696E86
:104070002043757272656E7420426F776C0A002758
:104080007327202D20536176652043616C20616E7B
:104090006420446973656E676167650A0027642759
:1040A000202D2044656C6574652043616C20616E31
:1040B0006420446973656E676167650A0027682735
:1040C000202D20486F6C6420616E642045786974EF
:1040D000204D61696E74656E616E63650A002778B4
:1040E00027202D20457869740A00286329616C69AE
:1040F00062726174696F6E20616E64206175746FA5
:104100006D6F76650A0028702972696E74206D6F74
:10411000746F7220706F736974696F6E732F74653A
:104120006D70730A00286D29616E75616C20617273
:104130006D20706F736974696F6E2F6D6F746F721D
:1041400020706F736974696F6E206361707475722B
:10415000652028666F7220776179706F696E74735D
:10416000290A006D616E75616C20287629656C6F77
:1041700063697479202D2073706F6F6E0A00652853
:10418000782969740A006D6F746F72733A0028623F
:10419000296174746572792073746174730A0028DC
:1041A0006429756D70206C6F670A00286D296F7423
:1041B0006F72732066756E6374696F6E730A006D3B
:1041C00061696E74656E616E63653A000624496EBE
:1041D00064696361746F72733A2041726520616C27
:1041E0006C204C4544277320666C617368696E6768
:1041F0003F0A00067E53485554444F574E533A2CBD
:10420000000A53485554444F574E533A0A004375D9
:10421000727220566F6C74203D2000566F6C7420B3
:104220005374617420426974203D2000437572729A
:104230002054656D70203D200054656D70205374CE
:10424000617420426974203D20004E6F20526573D6
:1042500070203D200053746174696F6E6172792023
:104260004F7665722D43757272656E742F4C6F6157
:1042700064203D2000537461727475702054656D24
:104280007073204C6F772F48696768203D20004D80
:104290004F544F523A2000206F6666736574206257
:1042A000793A20000621556E61626C6520746F209A
:1042B000726574726965766520626174746572797D
:1042C0002074656D70290A00067E426174746572FF
:1042D000792069732066756C6C0A0006214261744E
:1042E00074657279206368617267696E67206572B0
:1042F000726F720A00067E4261747465727920637F
:1043000068617267657220737563636573730A0011
:10431000067E434F554E544552533A2C000A434FA4
:10432000554E544552533A0A005465616368204D16
:104330006F646520436F756E746572203D20004286
:1043400061636B75702077617320757365640A0013
:104350004261636B757073206E657665722075734C
:1043600065640A00067E54494D4552533A2C000AB2
:1043700054494D455253205B68683A6D6D3A7373EA
:104380005D3A0A0053656C656374696F6E204D6F0A
:10439000746F723A0A0020273127202D20526F7443
:1043A0006174650A0020273227202D2053686F751D
:1043B0006C6465720A0020273327202D20456C622B
:1043C0006F770A0020273427202D205772697374D5
:1043D0000A0020273527202D205772697374204149
:1043E0006C69676E0A0020273627202D2053706FD6
:1043F0006F6E2054696C740A0020277827202D20C6
:10440000657869740A000A526F74617465204F669A
:10441000667365743A20000A53686F756C64657240
:10442000204F66667365743A20000A456C626F77A8
:10443000204F66667365743A20000A577269737478
:10444000204F66667365743A20000A577269737468
:1044500020416C69676E204F66667365743A200070
:104460000A53706F6F6E2054696C74204F666673C8
:1044700065743A20000A2D2D2D2D204D414E5541B9
:104480004C204D4F544F5220434F4E54524F4C20CE
:104490002D2D2D2D0A4B6579204D61703A0A000AA9
:1044A000506C6561736520776169742E2E005265CA
:1044B0006164790A00556E6B6E6F776E20636F6D65
:1044C0006D616E640A000A272027202D2043616C4D
:1044D00020506F73200A002027312D342027202DF3
:1044E00020426F776C0A0020276D27202D204D6118
:1044F0006E75616C2043616C200A0043616C3A0068
:10450000062148617264204661756C74204F6363B4
:10451000757272656420286D6F7374206C696B65A9
:104520006C79206661696C656420746F20766572B1
:104530006966792061206D6F746F72290A00486185
:104540007264206661756C74212045786974696EA7
:1045500067204D6F746F72730A0A003B200053612D
:1045600076696E673A200A00433A2F446573696E94
:104570002F4F626947656E32434D5556362E312EA8
:10458000312D446576696174696F6E312F536F7593
:104590007263652F4465766963652F536F75726327
:1045A000652F4D61696E74656E616E63652E630083
:1045B0000A4C4F4720454E54524945533A0A004150
:1045C0007661696C61626C652043617061636974D6
:1045D00079202020005468656F7265746963616C8E
:1045E0002043617061636974792000446573696771
:1045F0006E20566F6C7461676520286D56292020E7
:104600000043757272656E7420566F6C74616765D5
:1046100020286D5629200041766720437572726507
:104620006E7420286D412920202020200054656DC3
:1046300070657261747572652A31303020202020D7
:1046400020200052657175657374656420566F6C27
:104650007461676520202020005265717565737450
:1046600065642043757272656E74202020200053AB
:10467000746174757320466C61677320202020205C
:1046800020202020000624477261622061726D2084
:1046900073656E736F7220666F72206174206C6533
:1046A00061737420322E35205365636F6E64732EF0
:1046B0002E2E200A00067E41726D4772616262658D
:1046C000640A00067E41726D2048656C64204C6F60
:1046D0006E6720456E75660A00067E41726D5265F2
:1046E0006C65617365640A00067E41726D52656C8B
:1046F0006561736564546F6F536F6F6E2C00205447
:1047000069636B732C4D696E696D756D2C00205457
:1047100069636B730A0006216D6F746F7220706F8E
:10472000776572206661696C65640A00067E6D6F4C
:10473000746F7220706F7765722070617373656437
:104740000A000624506C756720696E2041432E2EA6
:104750002E0A000624414320556E706C7567204177
:10476000432E2E2E0A000624415820506C756720D7
:10477000696E20414320736F757263652E2E2E0A79
:1047800000067E414320506F77657220436F6E6E46
:1047900065637465640A00067E414320506F776547
:1047A0007220446973636F6E6E65637465640A009A
:1047B000067E456E746572696E6720546573742059
:1047C0004D6F64650A00025F706F7765720A0002C0
:1047D0005F626174746572790A00025F6C69676870
:1047E00074730A00025F70777262746E0A00025F6F
:1047F000746561636862746E0A00025F63686F6F5C
:104800007365696E0A00025F63686F6F7365627437
:104810006E0A00025F63686F6F73656F75740A00DC
:10482000025F656174696E0A00025F65617462749B
:104830006E0A00025F6561746F75740A00025F6D35
:1048400074727077720A00025F6D74723070696EF4
:10485000670A00025F6D74723170696E670A000248
:104860005F6D74723270696E670A00025F6D7472F8
:104870003370696E670A00025F6D74723470696E1E
:10488000670A00025F6D74723570696E670A000214
:104890005F746F7563680A00025F63616E63656CC5
:1048A0000A00025F61626F72740A00067E457869D1
:1048B00074696E672054657374204D6F64650A00D7
:1048C000060021204E564D2057524954452046415E
:1048D000494C45442E2020506572666F726D2061F0
:1048E000206861726420726573657420616E642053
:1048F00072657472792E007E43616C526573756CBB
:1049000074732C002F000A4669726D776172653AE4
:10491000200054656D7020433A20004D747220527F
:1049200061773A20004D74722043616C3A20004D4B
:10493000747220506F733A20004D74722057707457
:104940003A20004D61696E74656E616E6365204C3E
:104950006F67696E3A20004F62692056657273690D
:104960006F6E2056362E312E312D443120283230B4
:10497000323430373035290A0064656B61720A00C1
:10498000696E666F0A00025F44554D50430A00028B
:104990005F44554D50540A00025F44554D50500A33
:1049A00000067E504F4420484953544F52593A2CE8
:1049B0000043757272656E7420203D200050726550
:1049C00076696F7573203D2000025F44554D50534A
:1049D0000A005245534554530A0043414C56414C3A
:1049E0000A00025F676F746F63616C76616C696463
:1049F0006174650A00067E5475726E204F626920EC
:104A00006F6E20616E642072657472792E0A0006E2
:104A10007E5761697420666F7220746865206172C8
:104A20006D20746F2073746F70206D6F76696E6780
:104A30002E0A00494E4A454354310A00494E4A4520
:104A40004354320A00494E4A454354330A00494E02
:104A50004A454354340A00494E4A454354350A00F6
:104A6000025F72657475726E746F626F776C7265D7
:104A70006164790A00067E4F6269206973206E6F57
:104A80007420696E2061206D61696E74656E616E5F
:104A900063652D636F6D6D616E64656420706F7307
:104AA0006974696F6E2E0A005245424F4F540A00D6
:104AB000025F7265626F6F740A00025F55500A00F0
:104AC000025F444E0A00025F53544F500A00025FD7
:104AD000454E474147450A00067E556E617661693D
:104AE0006C61626C6520696E207465616368206D1D
:104AF0006F64652E0A00025F444953454E474147A3
:104B0000450A00025F4D4F56450A00025F46454583
:104B1000440A00025F4D54525F504F530A00062D65
:104B20004D7472506F732C2000025F41726D4D6F97
:104B300076696E6751756572790A00062D41726D4E
:104B40004D6F76696E672C2000025F4D54525F4CAA
:104B50004F41440A00062D4D74724C6F61642C2045
:104B6000005245534554540A00504F440A00504FD8
:104B700044205770743A2000504F44204D74723ACC
:104B800020007A65726F0A00025F7A65726F706F3B
:104B9000736C6F6774696D650A00020A00063E0A4D
:104BA00000025F656E61626C6561726D0A00025F92
:104BB000726F7461746561726D0A00025F63616C8B
:104BC0006962726174650A00025F63616C320A0097
:104BD000025F746573740A00025F67657463616CD9
:104BE0006962726174650A00067E43616C56616C8D
:104BF000732000025F676574736F667473746F70FF
:104C0000730A00067E536F667473746F70732C00A2
:104C1000025F7A65726F63616C6962726174650AC2
:104C200000025F676574656E647572616E63656DC1
:104C30006F64650A00067E456E647572616E636519
:104C40004D6F64652C002C0A0006496E76616C6914
:104C50006420626F776C0A0006496E76616C696445
:104C60002073636F6F70206E756D6265720A000647
:104C7000496E76616C69642068616C662F66756C3C
:104C80006C2073636F6F700A00067E4D74725465FA
:104C90006D7073000A53706F6F6E2056656C6F6392
:104CA0006974792028696E2052504D293A20002DD0
:104CB00000067E506F776572507265737365640A83
:104CC00000067E5465616368507265737365640A9B
:104CD00000067E43686F6F7365436F6E6E65637425
:104CE00065640A00067E43686F6F73655072657372
:104CF0007365640A00067E43686F6F736552656D65
:104D00006F7665640A00067E44656C697665724359
:104D10006F6E6E65637465640A00067E44656C6937
:104D2000766572507265737365640A00067E446529
:104D30006C6976657252656D6F7665640A0006244B
:104D400050726573732027506F77657227206275E4
:104D500074746F6E2E0A00062450726573732027D8
:104D600054656163682720627574746F6E2E0A0043
:104D70000624506C756720696E202743686F6F7337
:104D80006527207377697463682E0A0006245072C1
:104D9000657373202743686F6F7365272073776986
:104DA0007463682E0A000624556E706C75672027A0
:104DB00043686F6F736527207377697463682E0A81
:104DC000000624506C756720696E202744656C6965
:104DD00076657227207377697463682E0A0006244B
:104DE0005072657373202744656C6976657227205D
:104DF0007377697463682E0A000624556E706C75AB
:104E000067202744656C697665722720737769741B
:104E100063682E0A0006214D6F746F723157726FEE
:104E20006E674D6F64656C4E756D6265720A000643
:104E3000214D6F746F723257726F6E674D6F64657C
:104E40006C4E756D6265720A0006214D6F746F724B
:104E50003357726F6E674D6F64656C4E756D62652A
:104E6000720A0006214D6F746F723457726F6E674D
:104E70004D6F64656C4E756D6265720A0006214D5A
:104E80006F746F723557726F6E674D6F64656C4EDD
:104E9000756D6265720A0006214D6F746F72365728
:104EA000726F6E674D6F64656C4E756D6265720AE8
:104EB0000006214D6F746F723157726F6E674669CD
:104EC000726D776172650A0006214D6F746F7232E0
:104ED00057726F6E674669726D776172650A000678
:104EE000214D6F746F723357726F6E674669726DC2
:104EF000776172650A0006214D6F746F72345772C4
:104F00006F6E674669726D776172650A0006214DA2
:104F10006F746F723557726F6E674669726D776125
:104F200072650A0006214D6F746F723657726F6E8C
:104F3000674669726D776172650A00067E4D6F740F
:104F40006F72315061737365640A00067E4D6F7431
:104F50006F72325061737365640A00067E4D6F7420
:104F60006F72335061737365640A00067E4D6F740F
:104F70006F72345061737365640A00067E4D6F74FE
:104F80006F72355061737365640A00067E4D6F74ED
:104F90006F72365061737365640A0006214D6F7439
:104FA0006F72314E6F526573700A0006214D6F7437
:104FB0006F72324E6F526573700A0006214D6F7426
:104FC0006F72334E6F526573700A0006214D6F7415
:104FD0006F72344E6F526573700A0006214D6F7404
:104FE0006F72354E6F526573700A0006214D6F74F3
:104FF0006F72364E6F526573700A0006214D6F74E2
:105000006F72314661696C65640A0006214D6F74E8
:105010006F72324661696C65640A0006214D6F74D7
:105020006F72334661696C65640A0006214D6F74C6
:105030006F72344661696C65640A0006214D6F74B5
:105040006F72354661696C65640A0006214D6F74A4
:105050006F72364661696C65640A00202020202743
:105060003127202D20466C6F6174696E6720737440
:1050700061746520286C6F7720746F72717565207C
:10508000666F72206D616E75616C206E7564676508
:10509000290A0020202020273227202D20486F6C4D
:1050A00064696E6720737461746520286869676835
:1050B00020746F72717565290A0A0020202020274C
:1050C0007127202D20526F74617465204261636BDB
:1050D0000A0020202020276127202D20526F746194
:1050E000746520466F72776172640A002020202068
:1050F000277727202D2053686F756C6465722055C3
:10510000700A0020202020277327202D2053686F4D
:10511000756C64657220446F776E0A002020202031
:10512000276527202D20456C626F772055700A0077
:1051300020202020276427202D20456C626F7720B7
:10514000446F776E0A0020202020277227202D2010
:105150005772697374204C6576656C2055700A002F
:1051600020202020276627202D2057726973742065
:105170004C6576656C20446F776E0A0020202020F5
:10518000277427202D20577269737420416C69673A
:105190006E204261636B0A002020202027672720B1
:1051A0002D20577269737420416C69676E20466FB9
:1051B00072776172640A0020202020277927202D31
:1051C0002053706F6F6E2055700A0020202020271A
:1051D0006827202D2053706F6F6E20446F776E0A02
:1051E0000A0020202020277027202D205072696E71
:1051F00074206D6F746F7220706F736974696F6E55
:10520000730A0020202020277827202D2049646C55
:105210006520616E642072657475726E0A0000000C
:10522000FB4F01000B5001001B5001002B500100EF
:105230003B5001004B5001003E4D0100574D010015
:10524000704D01008C4D0100A64D0100C14D0100C3
:10525000DE4D0100F94D0100617364726779000051
:1052600039580000010000000000000000000000AC
:10527000000000000000000000000000000000002E
:10528000000000000000000000000000000000001E
:10529000000000000000000000000000000000000E
:1052A000000000000000000000000000BD460000FB
:1052B000B14C0100C14C0100D14C0100E44C010093
:1052C000F54C0100064D01001A4D01002C4D010066
:1052D00000010102020200003B4F01004B4F0100A0
:1052E0005B4F01006B4F01007B4F01008B4F0100B2
:1052F0001D2A2D2F2E3032319B4F0100AB4F010064
:10530000BB4F0100CB4F0100DB4F0100EB4F010011
:105310007177656674680000754401005B50010098
:1053200093500100BB500100D2500100EC5001002D
:10533000035101001C510100305101004651010090
:10534000605101007C51010098510100B7510100EA
:10535000CB510100E251010003520100154E010042
:105360002F4E0100494E0100634E01007D4E0100A9
:10537000974E0100055000000000000000000000F2
:10538000000000000000000000000000000000001D
:10539000000000005D4E000000000000055000000D
:1053A0007B010000CC07002000000000000000008E
:1053B00000000000000000007B01000080080020C9
:1053C00000000000000000000000000000000000DD
:1053D0007B010000340900200000000000000000F4
:1053E00000000000000000007B010000E809002030
:1053F00000000000000000000000000000000000AD
:105400007B0100009C0A002000000000000000005A
:1054100000000000000000007B010000500B002095
:10542000000000000000000000000000000000007C
:105430005F00A0FF0093000078570100D0600100DA
:10544000F05A0100605A01000862010098580100FA
:105450000C560100005D0100DC5D01006465010087
:10546000245601008C5E0100985B0100F465010088
:10547000305D0100E8560100486401002863010026
:10548000185D0100CC590100085B0100B863010000
:10549000585601000858010098620100FC5D0100A7
:1054A0001C5F010020060020D8540100A053010019
:1054B00000000000000000000000000000000000EC
:1054C00000000000000000000000000000000000DC
:1054D00000000000000000007A0100007E070020AC
:1054E00000000000000000000000000000000000BC
:1054F0007A010000320800200000000000000000D7
:1055000000000000000000007A010000E608002012
:10551000000000000000000000000000000000008B
:105520007A0100009A09002000000000000000003D
:1055300000000000000000007A0100004E0A002078
:10554000000000000000000000000000000000005B
:105550007A010000020B00200000000000000000A3
:10556000000000000000000000930000C057010090
:1055700018610100F05A0100A85A010050620100B0
:10558000E05801000C560100005D0100DC5D0100E7
:10559000AC65010024560100D45E0100E05B01000F
:1055A0003C660100785D0100305701009064010005
:1055B00070630100185D0100145A0100505B010086
:1055C00000640100A056010050580100E062010093
:1055D000445E0100645F0100680600202055010060
:1055E000E85301000000000000000000000000007F
:1055F00000000000000000000000000000000000AB
:105600000000000000000000000000001F0100007A
:1056100000000000020000003C56010003000000F2
:10562000C50000003F010000000000000200000073
:10563000D85D010007000000C50000004300BCFF6A
:10564000F4010BFEF4010BFEF4010BFEF4010BFE62
:10565000F4010BFEF4010BFE5202000000000000FA
:1056600002000000860700200B0000000000000080
:105670005202000000000000020000003A08002072
:105680000B000000000000005202000000000000BB
:1056900002000000EE0800200B00000000000000E7
:1056A000520200000000000002000000A2090020D9
:1056B0000B0000000000000052020000000000008B
:1056C00002000000560A00200B000000000000004D
:1056D0005202000000000000020000000A0B00203F
:1056E0000B000000000000008C040000F007002008
:1056F00000000000000000000000000000000000AA
:105700008C040000A408002000000000000000003D
:1057100000000000000000008C0400005809002078
:105720000000000000000000000000000000000079
:105730008C0400000C0A00200000000000000000A3
:1057400000000000000000008C040000C00A0020DF
:105750000000000000000000000000000000000049
:105760008C040000740B002000000000000000000A
:10577000000000000000000040010000E4070020DD
:10578000020000007A07002008000000000000006E
:105790004001000098080020020000002E080020B0
:1057A0000800000000000000400100004C0900203B
:1057B00002000000E20800200800000000000000D5
:1057C00040010000000A00200200000096090020AD
:1057D000080000000000000040010000B40A0020A2
:1057E000020000004A0A002008000000000000003B
:1057F00040010000680B002002000000FE0A0020AB
:10580000080000000000000054020000000000003A
:10581000020000008A0700200C00000000000000C9
:105820005402000000000000020000003E080020BA
:105830000C00000000000000540200000000000006
:1058400002000000F20800200C0000000000000030
:10585000540200000000000002000000A609002021
:105860000C000000000000005402000000000000D6
:10587000020000005A0A00200C0000000000000096
:105880005402000000000000020000000E0B002087
:105890000C000000000000001804000000000000E0
:1058A00002000000C807002000000000C500000042
:1058B0001804000000000000020000007C08002026
:1058C00000000000C50000001804000000000000F7
:1058D000020000003009002000000000C5000000A8
:1058E000180400000000000002000000E40900208D
:1058F00000000000C50000001804000000000000C7
:1059000002000000980A002000000000C50000000E
:105910001804000000000000020000004C0B0020F2
:1059200000000000C500000064009BFF64009BFFB6
:1059300064009BFF64009BFF64009BFF64009BFF6F
:105940000300000001000000010000000100000051
:105950000100000001000000010000000100000043
:105960000200000001000000020000000200000030
:10597000020000000300000003000000010000001E
:105980000100000001000000010000000100000013
:105990000100000001000000010000000100000003
:1059A00001000000010000000100000001000000F3
:1059B0000200000080077FF880077FF880077FF8EB
:1059C00080077FF880077FF880077FF84C0200008F
:1059D000EC20002002000000C00700200D000000A5
:1059E000000000004C020000F02000200200000037
:1059F000740800200D000000000000004C020000B0
:105A0000F420002002000000280900200D00000002
:105A1000000000004C020000F820002002000000FE
:105A2000DC0900200D000000000000004C02000016
:105A3000FC20002002000000900A00200D00000061
:105A4000000000004C0200000021002002000000C5
:105A5000440B00200D000000000000000500FAFFCC
:105A600006010000E0070020000000000000000028
:105A70000000000000000000060100009408002063
:105A80000000000000000000000000000000000016
:105A9000060100004809002000000000000000008E
:105AA000000000000000000006010000FC090020CA
:105AB00000000000000000000000000000000000E6
:105AC00006010000B00A00200000000000000000F5
:105AD000000000000000000006010000640B002030
:105AE00000000000000000000000000000000000B6
:105AF0000901000000000000020000005C5A0100E3
:105B000002000000C50000004E020000CA20002074
:105B100002000000C40700200E000000000000008A
:105B20004E020000CE200020020000007808002075
:105B30000E000000000000004E020000D2200020F5
:105B4000020000002C0900200E00000000000000F0
:105B50004E020000D620002002000000E0090020D4
:105B60000E000000000000004E020000DA200020BD
:105B700002000000940A00200E0000000000000057
:105B80004E020000DE20002002000000480B002032
:105B90000E000000000000008004000066070020E6
:105BA00000000000000000000000000000000000F5
:105BB000800400001A08002000000000000000001F
:105BC000000000000000000080040000CE0800205B
:105BD00000000000000000000000000000000000C5
:105BE0008004000082090020000000000000000086
:105BF000000000000000000080040000360A0020C1
:105C00000000000000000000000000000000000094
:105C100080040000EA0A00200000000000000000EC
:105C200000000000000000005800A7FF00930000E3
:105C3000F057010048610100F05A0100D85A0100F4
:105C400080620100105901000C560100005D010046
:105C5000DC5D0100DC65010024560100045F0100E9
:105C6000105C01006C660100A85D01006057010036
:105C7000C0640100A0630100185D0100445A0100E6
:105C8000805B010030640100D056010080580100A3
:105C900010630100745E0100945F0100980600200B
:105CA00050550100185401000000000000000000E1
:105CB00000000000000000000000000000000000E4
:105CC00000000000000000000000000000000000D4
:105CD00080167FE980167FE980167FE980167FE9CC
:105CE00080167FE980167FE91E00E1FF60049FFBBC
:105CF00060049FFB1E00E1FF1E00E1FF1E00E1FFAC
:105D000020020000000000000200000060610100AD
:105D100005000000C5000000440100000000000074
:105D2000020000002860010000000000C500000023
:105D300088040000EC0700200000000000000000C4
:105D4000000000000000000088040000A0080020FF
:105D50000000000000000000000000000000000043
:105D6000880400005409002000000000000000002A
:105D7000000000000000000088040000080A002065
:105D80000000000000000000000000000000000013
:105D900088040000BC0A0020000000000000000091
:105DA000000000000000000088040000700B0020CC
:105DB00000000000000000000000000000000000E3
:105DC00080167FE980167FE980167FE980167FE9DB
:105DD00080167FE980167FE90400FBFF22020000A5
:105DE0000000000002000000305401000400000028
:105DF000C50000000000FFFF82007DFF6C04000072
:105E0000D407002002000000D0070020000000009E
:105E1000000000006C040000880800200200000060
:105E20008408002000000000000000006C04000056
:105E30003C0900200200000038090020000000009A
:105E4000000000006C040000F009002002000000C7
:105E5000EC09002000000000000000006C040000BD
:105E6000A40A002002000000A00A00200000000098
:105E7000000000006C040000580B0020020000002D
:105E8000540B00200000000000000000840400000B
:105E90006207002000000000000000001000000069
:105EA000000000008404000016080020000000002C
:105EB000000000001000000000000000840400004A
:105EC000CA080020000000000000000010000000D0
:105ED00000000000840400007E0900200000000093
:105EE000000000001000000000000000840400001A
:105EF000320A002000000000000000001000000036
:105F00000000000084040000E60A002000000000F9
:105F100000000000100000000000000070040000FD
:105F2000D8070020020000004E07002000000000FB
:105F300000000000700400008C0800200200000037
:105F400002080020000000000000000070040000B3
:105F50004009002002000000B608002000000000F8
:105F60000000000070040000F4090020020000009E
:105F70006A0900200000000000000000700400001A
:105F8000A80A0020020000001E0A002000000000F5
:105F900000000000700400005C0B00200200000004
:105FA000D20A002000000000000000000000FFFFF7
:105FB0003D00C2FF030000000100000003000000DC
:105FC00003000000030000000300000003000000C5
:105FD0000300000003000000030000000A000000AE
:105FE0000A0000000A0000000A0000000A00000089
:105FF0000A0000000300000003000000030000008E
:1060000003000000030000000A000000010000007F
:1060100001000000010000000A0000000300000071
:106020000A000000030000000100FEFF00930000D2
:1060300090570100E8600100F05A0100785A010011
:1060400020620100B05801000C560100005D010003
:10605000DC5D01007C65010024560100A45E0100A6
:10606000B05B01000C660100485D010000570100B3
:106070006064010040630100185D0100E459010003
:10608000205B0100D0630100705601002058010020
:10609000B0620100145E0100345F01003806002088
:1060A000F0540100B853010000000000000000009F
:1060B00000000000000000000000000000000000E0
:1060C00000000000000000000000000000000000D0
:1060D00000020000DC07002003000000E85C010073
:1060E00001000000000000000002000090080020F5
:1060F00003000000EC5C0100010000000000000053
:10610000000200004409002003000000F05C0100D0
:10611000010000000000000000020000F80900205B
:1061200003000000F45C010001000000000000001A
:1061300000020000AC0A002003000000F85C01002F
:10614000010000000000000000020000600B0020C1
:1061500003000000FC5C01000100000000000000E2
:106160008C0073FF00930000D857010030610100DC
:10617000F05A0100C05A010068620100F85801009D
:106180000C560100005D0100DC5D0100C4650100EA
:1061900024560100EC5E0100F85B0100546601002A
:1061A000905D010048570100A86401008863010068
:1061B000185D01002C5A0100685B010018640100A1
:1061C000B856010068580100F86201005C5E0100E9
:1061D0007C5F01008006002038550100005401005A
:1061E00000000000000000000000000000000000AF
:1061F000000000000000000000000000000000009F
:1062000000000000000000000B010000BC0700209F
:1062100002000000B80700201C0000000000000081
:106220000B01000070080020020000006C08002034
:106230001C000000000000000B01000024090020E9
:1062400002000000200900201C00000000000000E7
:106250000B010000D809002002000000D409002032
:106260001C000000000000000B0100008C0A002050
:1062700002000000880A00201C000000000000004E
:106280000B010000400B0020020000003C0B00202E
:106290001C000000000000006804000056070020F9
:1062A0000200000052070020000000000000000073
:1062B000680400000A080020020000000608002010
:1062C000000000000000000068040000BE0800207C
:1062D00002000000BA0800200000000000000000DA
:1062E0006804000072090020020000006E0900200E
:1062F000000000000000000068040000260A0020E2
:1063000002000000220A002000000000000000003F
:1063100068040000DA0A002002000000D60A00200B
:10632000000000000000000092010000760700203D
:1063300004000000AC5F010012000000000000003B
:10634000920100002A08002004000000AC5F010058
:10635000120000000000000092010000DE08002092
:1063600004000000AC5F010012000000000000000B
:10637000920100009209002004000000AC5F0100BF
:10638000120000000000000092010000460A0020F8
:1063900004000000AC5F01001200000000000000DB
:1063A00092010000FA0A002004000000AC5F010026
:1063B0001200000000000000500200000000000079
:1063C00002000000820700200A0000000000000018
:1063D000500200000000000002000000360800200B
:1063E0000A00000000000000500200000000000051
:1063F00002000000EA0800200A000000000000007F
:106400005002000000000000020000009E09002071
:106410000A00000000000000500200000000000020
:1064200002000000520A00200A00000000000000E4
:10643000500200000000000002000000060B0020D7
:106440000A00000000000000900200007207002017
:1064500004000000F45D01001100000000000000D5
:10646000900200002608002004000000F45D0100F6
:10647000110000000000000090020000DA08002077
:1064800004000000F45D01001100000000000000A5
:10649000900200008E09002004000000F45D01005D
:1064A000110000000000000090020000420A0020DD
:1064B00004000000F45D0100110000000000000075
:1064C00090020000F60A002004000000F45D0100C4
:1064D0001100000000000000F4010BFEF4010BFEAF
:1064E000F4010BFEF4010BFEF4010BFEF4010BFEB4
:1064F000433A2F446573696E2F4F626947656E3268
:10650000434D5556362E312E312D446576696174D2
:10651000696F6E312F536F757263652F44657669AD
:1065200063652F536F757263652F4D6F746F722E95
:1065300063005370656564732000506F73697469FC
:106540006F6E7320004D6F76696E6720004F70206C
:106550004D6F64657320005049204761696E732058
:10656000000000002C0400000000000002000000F9
:10657000E80700200F000000C50000002C04000008
:1065800000000000020000009C0800200F00000036
:10659000C50000002C040000000000000200000004
:1065A000500900200F000000C50000002C0400006E
:1065B0000000000002000000040A00200F0000009C
:1065C000C50000002C0400000000000002000000D4
:1065D000B80A00200F000000C50000002C040000D5
:1065E00000000000020000006C0B00200F00000003
:1065F000C50000007E0200006A07002000000000C5
:106600000000000000000000000000007E0200000A
:106610001E08002000000000000000000000000034
:10662000000000007E020000D208002000000000F0
:106630000000000000000000000000007E020000DA
:10664000860900200000000000000000000000009B
:10665000000000007E0200003A0A00200000000056
:106660000000000000000000000000007E020000AA
:10667000EE0A002000000000000000000000000002
:106680000000000000930000A85701000061010015
:10669000F05A0100905A010038620100C858010008
:1066A0000C560100005D0100DC5D010094650100F5
:1066B00024560100BC5E0100C85B01002466010095
:1066C000605D010018570100786401005863010003
:1066D000185D0100FC590100385B0100E86301000E
:1066E0008856010038580100C86201002C5E010084
:1066F0004C5F01005006002008550100D0530100F6
:106700000000000000000000000000000000000089
:106710000000000000000000000000000000000079
:106720000000000000000000000000000000000069
:106730000000000000000000000000000000000059
:106740000000000000000000000000000000000049
:106750000000000000000000000000000000000039
:106760000000000000000000000000000000000029
:106770000000000000000000000000000000000019
:106780000000000000000000000000000000000009
:1067900000000000000000000000000000000000F9
:1067A00000000000000000000000000000000000E9
:1067B00000000000000000000000000000000000D9
:1067C00000000000000000000000000000000000C9
:1067D00000000000000000000000000000000000B9
:1067E00000000000000000000000000000000000A9
:1067F0000000000000000000000000000000000099
:106800000000000000000000000000000000000088
:106810000000000000000000000000000000000078
:106820000000000000000000000000000000000068
:106830000000000000000000000000000000000058
:106840000000000000000000000000000000000048
:106850000000000000000000000000000000000038
:106860000000000000000000170000000000000011
:10687000000000000E00000000000000000000000A
:106880000000000000000000000000000000000008
:1068900000000000000000000000000000000000F8
:1068A00000000000000000000000000000000000E8
:1068B00000000000000000000000000000000000D8
:1068C00000000000000000000000000000000000C8
:1068D00000000000000000000000000000000000B8
:1068E00000000000000000000000000000000000A8
:1068F0000000000000000000000000000000000098
:106900000000000000000000000000000000000087
:106910000000000000000000000000000000000077
:106920000000000000000000000000000000000067
:106930000000000000000000000000000000000057
:106940000000000000000000000000000000000047
:106950000000000000000000000000000000000037
:106960000000000000000000000000000000000027
:106970000000000000000000000000000000000017
:106980000000000000000000000000000000000007
:1069900000000000000000000000000000000000F7
:1069A00000000000000000000000000000000000E7
:1069B00000000000000000000000000016000000C1
:1069C00000000000000000000F00000000000000B8
:1069D00000000000000000000000000000000000B7
:1069E00000000000000000000000000000000000A7
:1069F0000000000000000000000000000000000097
:106A00000000000000000000000000000000000086
:106A10000000000000000000000000000000000076
:106A20000000000000000000000000000000000066
:106A30000000000000000000000000000000000056
:106A40000000000000000000000000000000000046
:106A50000000000000000000000000000000000036
:106A60000000000000000000000000000000000026
:106A70000000000000000000000000000000000016
:106A80000000000000000000000000000000000006
:106A900000000000000000000000000000000000F6
:106AA00000000000000000000000000000000000E6
:106AB00000000000000000000000000000000000D6
:106AC00000000000000000000000000000000000C6
:106AD00000000000000000000000000000000000B6
:106AE00000000000000000000000000000000000A6
:106AF0000000000000000000000000000000000096
:106B00000000000000000000000000000000000085
:106B10001500000000000000000000001000000050
:106B200000000000433A2F446573696E2F4F62697D
:106B300047656E32434D5556362E312E312D446504
:106B400076696174696F6E312F536F757263652F4B
:106B50004465766963652F536F757263652F4D6F5A
:106B6000746F725363686564756C65722E630000A0
:106B700001000203020001060708093536373816FE
:106B80001718191A1B1C1D1E1F202106070809357E
:106B90003637380A0B0C0D0E0F1011121314150096
:106BA00001000000010000000000000089950000C5
:106BB00022232425434D553261204B53203D200094
:106BC000206576656E74203D2000434D5532620A83
:106BD00000434D5532630A00434D5532640A004369
:106BE0004D5532650A00434D5532660A00434D55F6
:106BF00032670A0043616C6962726174696F6E206A
:106C000052657175697265642120204E564D20725F
:106C1000656164204641494C45442E0A000F101915
:106C2000090B08151416067E52756E54696D652C95
:106C300000000000186E01001D6E0100246E0100AE
:106C40002A6E0100356E0100406E0100466E0100A3
:106C50004E6E0100586E0100656E0100756E0100F8
:106C6000836E0100926E0100A56E0100B46E0100FA
:106C7000C26E0100CA6E0100D56E0100E06E010017
:106C8000EB6E0100F66E0100016F01000B6F010059
:106C9000156F01001E6F0100246F01002F6F0100AE
:106CA000386F0100446F0100566F0100696F0100E9
:106CB0002D7001007C6F0100417001008E6F01009A
:106CC000163D1819143D153D173D3C3D7D6D0100E5
:106CD000836D01008A6D0100936D0100A46D0100B8
:106CE000C1480100C96D0100E06D0100FB6D0100AC
:106CF000076E01001A1B1C1D1E1F2021067E53411A
:106D000046455459204641554C543A20002D556E65
:106D10006B6E6F776E20002D556E6B6E6F776E0009
:106D2000067E534146455459205741524E494E47DD
:106D30003A2000300028526F6C6C6F766572733A9F
:106D4000002C205469636B733A00285469636B7399
:106D50003A00506C656173652073746F70204F62E8
:106D600069206265666F72652073657474696E6709
:106D7000207468652074696D65722E0A004661751D
:106D80006C740053636F6F707300506F7765722D72
:106D90004F6E004261747465727920437269746940
:106DA00063616C004D6F74696F6E204F7665722D54
:106DB00043757272656E742F4C6F61642028436F47
:106DC0006C6C6973696F6E29004D6F746F7220541B
:106DD000696D657220282B2F2D317329203D2000ED
:106DE0004D6F746F72204D61782054696D6572200B
:106DF000282B2F2D317329203D2000414320546939
:106E00006D6572203D200042617474657279205472
:106E1000696D6572203D2000426173650053686CA6
:106E200064722000456C626F770057726973744C0E
:106E30006576656C005772697374416C69676E00A2
:106E400053706F6F6E0049676E6F726520004D6FF3
:106E500064656C4E756D200052657475726E446584
:106E60006C6179200054656D704C696D6974506176
:106E700072616D2000566F6C744C696D69744C6F53
:106E8000772000566F6C744C696D69744869676847
:106E9000200053746174757352657475726E4C651D
:106EA00076656C200053687574646F776E416C6111
:106EB000726D2000456E61626C65546F727175650C
:106EC00020004C65644F66662000504320442047F4
:106ED00061696E200050432049204761696E20009F
:106EE00050432050204761696E20005643204920BE
:106EF0004761696E200056432050204761696E202B
:106F00000053706565644D61782000506F7369743B
:106F1000696F6E2000566F6C746167652000546560
:106F20006D702000476F616C416363656C200047A2
:106F30006F616C56656C20004E6F526573706F6E9A
:106F400073652000566F6C74616765537461747566
:106F50007342697420004F7665726865617453747A
:106F60006174757342697420004F7665726C6F614D
:106F70006453746174757342697420004665656476
:106F8000466F7277617264416363656C20004F7075
:106F900065726174696E674D6F6465200053465F6A
:106FA000537461636B200053465F466C61736820C5
:106FB0000053465F52414D200053465F566172694F
:106FC00061626C65200053465F57696C64504320D2
:106FD0000053465F495352200053465F506F776518
:106FE00072200053465F53775761746368646F671C
:106FF000200053465F48775761746368646F672069
:107000000053465F556E65787065637465645265BC
:10701000736574200053465F41737365727420007A
:1070200053465F4D6F746F72200053465F4F766515
:10703000726C6F61645761726E696E6720005346AF
:107040005F4F7665726C6F616453687574646F77B7
:107050006E200053465F4F7065726174696E674DB4
:107060006F64654D69736D61746368009D6F0100A5
:10707000A76F0100B16F0100B96F0100C66F010079
:10708000D16F0100D96F0100E36F0100F26F0100C1
:107090000170010015700100207001002A700100CC
:1070A0003E7001005370010000C0004000000C0061
:1070B00001000C000203080B00C4004000000D009A
:1070C00001000D000405090C00C8004000000E007E
:1070D00001000E0006070A0D4E564D2077726974A6
:1070E0006520736C6F74206661696C757265004E03
:1070F000564D2072657365727665206661696C75A0
:1071000072653A20467265653A2000205265733AEE
:10711000200000000101000000000000486B010099
:08712000000000000000000067
:107128000000000051000000000000000000000006
:107138004F000000000000000000000050000000A8
:10714800000000000100000020020020380200209A
:1071580050020020680200208002002098020020CF
:10716800B0020020C8020020E00200200000000059
:107178000000000000000000000000000000000007
:1071880000000000000000000000000000000000F7
:1071980000000000000000000000000000000000E7
:1071A80000000000000000000000000000000000D7
:1071B80002000000EF49973D1D3FE1538C5A0868D3
:1071C80088130000E40C000000000000FFFFFFFF30
:1071D8000A37D62C8457DF516D5AED681027000006
:1071E800AC26000000000000EF49973D1D3FE15329
:1071F8008C5A086888130000E40C000000000000A6
:107208001F42973D0543ED52EA5A046A881300006D
:10721800CC100000000000004F376C38F055BB5010
:10722800784E377310270000AC26000001000000DC
:10723800000000004E00000000000000CCFF5F00CE
:10724800AFFE790062FFE8FF4C1D00004C1D0000F6
:107258000000000000000000130000000000000013
:10726800000000000000000000000000D00700003F
:10727800B80B000001000000000000000000000042
:1072880000000000D0070000B80B0000010000005B
:10729800000000000000000000000000D00700000F
:1072A800B80B000001000000000000000000000012
:1072B80000000000D0070000B80B0000010000002B
:1072C800000000000000000000000000D0070000DF
:1072D800B80B0000010000000000000000000000E2
:1072E80000000000D0070000B80B000001000000FB
:1072F800000000000000000000000000D0070000AF
:10730800B80B0000010000000000000000000000B1
:1073180000000000D0070000B80B000001000000CA
:10732800000000000000000000000000D00700007E
:10733800B80B000001000000C054263F8549945254
:1073480078619A3E1027000090330000000000008A
:1073580063000000A2070000190000000000000000
:1073680001000000FFFFFFFF000000001100000007
:107378000000000001000000FFFFFFFFFFFFFFFF0C
:10738800FFFFFFFFFFFFFFFF6F12033D6F12033D7B
:107398006F12033D6F12033D6F12033D6F12033DE1
:1073A8000120000000000000430000000000000071
:1073B8000000000043000000000000000100000081
:1073C8000000000043000000000000000100000071
:1073D8000000000043000000000000000000000062
:1073E800430000000000000020010101200101000D
:1073F8000000000043000000000000000000EE0252
:1074080011FD8A0275FD7C2E687490016FFE640080
:107418009BFFC80037FF0000FFFF0000FFFF0000D0
:10742800FFFF030190016FFEF4010BFE5C2BE86780
:10743800881377EC0000FFFF800C7FF30000FFFF4C
:107448000000FFFF0000FFFF03024501BAFEF40140
:107458000BFE581BD8593421CBDEFA0005FFC800B3
:1074680037FF0000FFFF0000FFFF0000FFFF0003E1
:107478005802A7FDBC0243FDCC29B45F90016FFE02
:1074880064009BFFC80037FF0000FFFF0000FFFFFC
:107498000000FFFF00045E01A1FE5E01A1FE343A78
:1074A800AC71C80037FF5802A7FDC80037FF0000BD
:1074B800FFFF0000FFFF0000FFFF00052C01D3FEC7
:1074C800F4010BFEB80B3075F4010BFE90016FFE52
:1074D800C80037FF0000FFFF0000FFFF0000FFFFAC
:1074E80026000000345401000000000000000000E5
:1074F8000000000000000000000000000000000084
:107508000000000000000000000000000000000073
:1075180000000000D57A00006D7A0000DD790000D7
:10752800380100002C60010000000000000000008D
:107538000000000000000000000000000000000043
:107548000000000000000000000000000000000033
:1075580000000000D57A00006D7A0000DD79000097
:107568004C010000846601000000000000000000DB
:107578000000000000000000000000000000000003
:1075880000000000000000000000000000000000F3
:1075980000000000D57A00006D7A0000DD79000057
:1075A80052020000685501000000000000000000C1
:1075B80000000000000000000000000000000000C3
:1075C80000000000000000000000000000000000B3
:1075D80000000000D57A00006D7A0000DD79000017
:1075E8008A02000064610100000000000000000041
:1075F8000000000000000000000000000000000083
:107608000000000000000000000000000000000072
:1076180000000000D57A00006D7A0000DD790000D6
:10762800940200002C5C0100000000000000000033
:107638000000000000000000000000000000000042
:107648000000000000000000000000000000000032
:1076580000000000D57A00006D7A0000DD79000096
:107668007404000000000000020000005E07002013
:10767800000000000000000074040000000000008A
:1076880002000000120800200000000000000000B6
:10769800740400000000000002000000C60800207A
:1076A800000000000000000074040000000000005A
:1076B800020000007A09002000000000000000001D
:1076C8007404000000000000020000002E0A0020E0
:1076D800000000000000000074040000000000002A
:1076E80002000000E20A0020000000000000000084
:1076F80090016FFE64009BFFC80037FF0000FFFF8A
:107708000000FFFF0000FFFF881377EC0000FFFF79
:10771800800C7FF30000FFFF0000FFFF0000FFFF69
:107728003421CBDEFA0005FFC80037FF0000FFFF59
:107738000000FFFF0000FFFF90016FFE64009BFF49
:10774800C80037FF0000FFFF0000FFFF0000FFFF39
:10775800C80037FF5802A7FDC80037FF0000FFFF29
:107768000000FFFF0000FFFFF4010BFE90016FFE19
:10777800C80037FF0000FFFF0000FFFF0000FFFF09
:1077880001000000FFFF0000FFFF0000FFFF58009E
:10779800A7FF0000FFFF0000FFFF0000FFFF000041
:1077A800FFFF0000FFFF0000FFFF0000FFFF0000D9
:1077B800FFFF0000FFFF0000FFFF0000FFFF0000C9
:1077C800FFFF0000FFFF0000FFFF0000FFFF0000B9
:1077D800FFFF0000FFFFFBF1040E000000000000A7
:1077E8000000000000000000000000000000000091
:1077F80000000000000000000100FEFF0000FFFF85
:1078080080077FF864009BFF0000FFFF0000FFFF78
:107818000000FFFF7B0084FF0000FFFF0000FFFF68
:107828000000FFFF0000FFFF5800A7FF0000FFFF58
:107838000000FFFF01000000FFFF0000FFFF000045
:10784800FFFF5800A7FF0000FFFF0000FFFF000038
:10785800FFFF0000FFFF0000FFFF0000FFFF000028
:10786800FFFF0000FFFF0000FFFF0000FFFF000018
:10787800FFFF0000FFFF0000FFFF0000FFFF000008
:10788800FFFF0000FFFF0000FFFF45FEBA010000F8
:1078980000000000000000000000000000000000E0
:1078A8000000000000000000000000000100FEFFD2
:1078B8000000FFFF80077FF864009BFF0000FFFFC8
:1078C8000000FFFF0000FFFF7B0084FF0000FFFFB8
:1078D8000000FFFF0000FFFF0000FFFF5800A7FFA8
:1078E8000000FFFF0000FFFF01000000FFFF000095
:1078F800FFFF0000FFFF5800A7FF0000FFFF000088
:10790800FFFF0000FFFF0000FFFF0000FFFF000077
:10791800FFFF0000FFFF0000FFFF0000FFFF000067
:10792800FFFF0000FFFF0000FFFF0000FFFF000057
:10793800FFFF0000FFFF0000FFFF0000FFFF25F82A
:10794800DA0700000000000000000000000000004E
:10795800000000000000000000000000000000001F
:107968000100FEFF0000FFFF80077FF864009BFF17
:107978000000FFFF0000FFFF0000FFFF7B0084FF07
:107988000000FFFF0000FFFF0000FFFF0000FFFFF7
:107998005800A7FF0000FFFF0000FFFF01000000E4
:1079A800FFFF0000FFFF0000FFFF5800A7FF0000D7
:1079B800FFFF0000FFFF0000FFFF0000FFFF0000C7
:1079C800FFFF0000FFFF0000FFFF0000FFFF0000B7
:1079D800FFFF0000FFFF0000FFFF0000FFFF0000A7
:1079E800FFFF0000FFFF0000FFFF0000FFFF000097
:1079F800FFFF30F8CF070000000000000000000083
:107A0800000000000000000000000000000000006E
:107A1800000000000100FEFF0000FFFF80077FF864
:107A280064009BFF0000FFFF0000FFFF0000FFFF56
:107A38007B0084FF0000FFFF0000FFFF0000FFFF46
:107A48000000FFFF5800A7FF0000FFFF0000FFFF36
:107A580001000000FFFF0000FFFF0000FFFF5800CB
:107A6800A7FF0000FFFF0000FFFF0000FFFF00006E
:107A7800FFFF0000FFFF0000FFFF0000FFFF000006
:107A8800FFFF0000FFFF0000FFFF0000FFFF0000F6
:107A9800FFFF0000FFFF0000FFFF0000FFFF0000E6
:107AA800FFFF0000FFFF75F48A0B000000000000D4
:107AB80000000000000000000000000000000000BE
:107AC80000000000000000000100FEFF0000FFFFB2
:107AD80080077FF864009BFF0000FFFF0000FFFFA6
:107AE8000000FFFF7B0084FF0000FFFF0000FFFF96
:107AF8000000FFFF0000FFFF5800A7FF0000FFFF86
:107B08000000FFFF01000000FFFF0000FFFF000072
:107B1800FFFF5800A7FF0000FFFF0000FFFF000065
:107B2800FFFF0000FFFF0000FFFF0000FFFF000055
:107B3800FFFF0000FFFF0000FFFF0000FFFF000045
:107B4800FFFF0000FFFF0000FFFF0000FFFF000035
:107B5800FFFF0000FFFF0000FFFF31F5CE0A000025
:107B6800000000000000000000000000000000000D
:107B78000000000000000000000000000100FEFFFF
:107B88000000FFFF80077FF864009BFF0000FFFFF5
:107B98000000FFFF0000FFFF7B0084FF0000FFFFE5
:107BA8000000FFFF0000FFFF0000FFFF5800A7FFD5
:107BB8000000FFFF0000FFFF00000000330000008E
:107BC8000000000000000000380000000000000075
:107BD8000100000000000000330000000000000069
:107BE800000000003300000000000000000000005A
:107BF800380000000000000000000000380000000D
:107C08000000000000000000380000000000000034
:107C18000000000033000000000000000000000029
:107C28003800000000000000000000004A000000CA
:107C38000000000001000000000000003300000008
:107C480000000000000000003800000000000000F4
:107C580000000000380000000000000000000000E4
:107C680038000000000000000000000033000000A1
:107C780000000000000000003300000000000000C9
:107C880000000000380000000000000001000000B3
:107C980000000000330000000000000000000000A9
:107CA800380000000000000000000000380000005C
:107CB8000000000000000000380000000000000084
:107CC8000000000037000000000000000000000075
:107CD8003400000000000000000000003800000030
:107CE8000000000000000000380000000000000054
:107CF8000000000038000000000000000000000044
:107D08003300000000000000000000003300000005
:107D18000000000006000600060006000000000043
:107D28003300000000000000A30000001200000063
:107D380000000000FF01FF013100000018000000F2
:107D480000000000FFFFFF555500000060F8FFFF2E
:107D58000B000000140000000000000055FF0000A8
:107D6800FFFFFFFF190000003900000000000000BD
:107D7800310000001A00000000000000580D00202B
:107D880061000000480000000000000000800000C2
:107D9800008000000048E801FEE772B6034B1A684D
:107DA800511C1CBF01321A6018687047182800203F
:107DB800034B186818B10138186000B962B67047EB
:107DC800182800200E4A0F4BD969C90702D58AB175
:107DD800013AF8E772B101221861DA60DB6913F041
:107DE80006000AD05A0707D413F0020F0CBF002070
:107DF800FE2002E0FD2000E0FF2040B2704700BFF7
:107E08008096980000000C4030B509B900201CE0AD
:107E1800002AFBD150F822400D4B01329C61082406
:107E2800DC600C4C0A4BDD69ED0702D564B1013CFE
:107E3800F8E74CB11C698A4204F104041C614FF054
:107E48000104DC60E6D1E1E7FD2040B230BD00BFAF
:107E580000000C40809698002DE9F8439946174B8E
:107E68000D469968804641F0010199609708002401
:107E7800BC4219D208EB84063046FFF7A3FFD0B9FD
:107E8800C6F30806C6F500763B1BB6089E4228BF17
:107E98001E46314628464A46FFF7B6FF014620B936
:107EA800344405EB8605E3E70021044B08469A684D
:107EB80022F001029A6040B2BDE8F88300000C404D
:107EC800194B9A6842F001029A6001221861DA603F
:107ED800DA69510705D59A68FF2022F001029A60F5
:107EE8001FE0DA69920705D59A68FE2022F00102A0
:107EF8009A6016E00222DA600C4A0B4BD8691946E0
:107F080010F0010002D012B1013AF6E72AB98B68E5
:107F1800FD2023F001038B6003E09A6822F0010240
:107F28009A6040B2704700BF00000C4080969800ED
:087F38000023FFF791BF00BF19
:047F4000000000003D
:040000030000D6998A
:00000001FF
